src 10.0.1.10,src 10.0.1.30,src 10.0.1.70,src 10.0.1.170,src 10.0.2.20,src 10.0.2.80,src 10.0.2.160,src 10.0.2.180,dst 10.0.1.10,dst 10.0.1.30,dst 10.0.1.70,dst 10.0.1.170,dst 10.0.2.20,dst 10.0.2.80,dst 10.0.2.160,dst 10.0.2.180,dst 10.0.2.200,Lenght Tot.Pkt,Lenght Avg,Lenght Std,Total #Pkt,TCP #Pkt,UDP #Pkt,HTTP #Pkt,ICMP #Pkt,TCP Bytes,UDP Bytes,HTTP Bytes,ICMP Bytes,Syn Flag,Ack Flag,SynAck Flag,Psh Flag,Rst Flag,Fin Flag,Urg Flag,Class
2,15,0,0,4,14,0,0,4,14,0,0,2,15,0,0,0,62537,31268.5,31268.5,35,33,2,29,0,59681,2856,58473,0,2,32,1,14,0,2,0,0
4,15,0,0,4,14,0,0,4,14,0,0,4,15,0,0,0,62289,41608.667,29421.945,37,35,1,29,1,60285,1428,58473,576,2,34,1,15,0,2,0,0
4,15,0,0,6,14,0,0,6,14,0,0,4,15,0,0,0,65145,47492.75,27442.766,39,35,3,29,1,60285,4284,58473,576,2,34,1,15,0,2,0,0
3,17,0,0,3,12,0,0,3,12,0,0,3,17,0,0,0,61685,50331.2,25193.482,35,33,1,29,1,59681,1428,58473,576,2,32,1,17,0,2,0,0
5,15,0,0,5,14,0,0,5,14,0,0,5,15,0,0,0,64293,52658.167,23579.655,39,35,2,29,2,60285,2856,58473,1152,2,34,1,15,0,2,0,0
4,15,0,0,6,14,0,0,6,14,0,0,4,15,0,0,0,65145,54442,22263.511,39,35,3,29,1,60285,4284,58473,576,2,34,1,15,0,2,0,0
3,15,0,0,3,14,0,0,3,14,0,0,3,15,0,0,0,61685,55347.375,20962.916,35,33,1,29,1,59681,1428,58473,576,2,32,1,14,0,2,0,0
4,15,0,0,6,14,0,0,6,14,0,0,4,15,0,0,0,65145,56436,20002.44,39,35,3,29,1,60285,4284,58473,576,2,34,1,15,0,2,0,0
2,17,0,0,2,12,0,0,2,12,0,0,2,17,0,0,0,59681,56760.5,19000.935,33,33,0,29,0,59681,0,58473,0,2,32,1,15,0,2,0,0
4,12,0,0,6,13,0,0,6,13,0,0,4,12,0,0,0,64937,57503.818,18268.534,35,31,3,25,1,60077,4284,58265,576,2,30,1,13,0,2,0,0
4,12,0,0,4,13,0,0,4,13,0,0,4,12,0,0,0,62081,57885.25,17536.48,33,31,1,25,1,60077,1428,58265,576,2,30,1,13,0,2,0,0
4,15,0,0,4,14,0,0,4,14,0,0,4,15,0,0,0,63689,58331.692,16919.334,37,33,2,29,2,59681,2856,58473,1152,2,32,1,14,0,2,0,0
4,16,0,0,6,12,0,0,6,12,0,0,4,16,0,0,0,65093,58814.643,16396.602,38,34,3,28,1,60233,4284,58421,576,2,33,1,16,0,2,0,0
4,17,0,0,4,12,0,0,4,12,0,0,4,17,0,0,0,62289,59046.267,15864.313,37,35,1,29,1,60285,1428,58473,576,2,34,1,17,0,2,0,0
3,17,0,0,5,12,0,0,5,12,0,0,3,17,0,0,0,64541,59389.688,15418.032,37,33,3,29,1,59681,4284,58473,576,2,32,1,16,0,2,0,0
4,17,0,0,4,12,0,0,4,12,0,0,4,17,0,0,0,62289,59560.235,14973.237,37,35,1,29,1,60285,1428,58473,576,2,34,1,17,0,2,0,0
2,17,0,0,4,12,0,0,4,12,0,0,2,17,0,0,0,62537,59725.611,14567.338,35,33,2,29,0,59681,2856,58473,0,2,32,1,16,0,2,0,0
4,17,0,0,4,12,0,0,4,12,0,0,4,17,0,0,0,62289,59860.526,14190.354,37,35,1,29,1,60285,1428,58473,576,2,34,1,16,0,2,0,0
4,17,0,0,6,12,0,0,6,12,0,0,4,17,0,0,0,65145,60124.75,13878.916,39,35,3,29,1,60285,4284,58473,576,2,34,1,18,0,2,0,0
3,17,0,0,3,12,0,0,3,12,0,0,3,17,0,0,0,61685,60199.048,13548.51,35,33,1,29,1,59681,1428,58473,576,2,32,1,17,0,2,0,0
5,17,0,0,5,12,0,0,5,12,0,0,5,17,0,0,0,64293,60385.136,13264.449,39,35,2,29,2,60285,2856,58473,1152,2,34,1,18,0,2,0,0
4,17,0,0,6,12,0,0,6,12,0,0,4,17,0,0,0,65145,60592.087,13009.152,39,35,3,29,1,60285,4284,58473,576,2,34,1,16,0,2,0,0
3,15,0,0,3,14,0,0,3,14,0,0,3,15,0,0,0,61685,60637.625,12737.117,35,33,1,29,1,59681,1428,58473,576,2,32,1,14,0,2,0,0
4,17,0,0,6,12,0,0,6,12,0,0,4,17,0,0,0,65145,60817.92,12510.992,39,35,3,29,1,60285,4284,58473,576,2,34,1,17,0,2,0,0
2,17,0,0,2,12,0,0,2,12,0,0,2,17,0,0,0,59681,60774.192,12269.985,33,33,0,29,0,59681,0,58473,0,2,32,1,17,0,2,0,0
4,17,0,0,6,12,0,0,6,12,0,0,4,17,0,0,0,65145,60936.074,12068.88,39,35,3,29,1,60285,4284,58473,576,2,34,1,16,0,2,0,0
4,17,0,0,4,12,0,0,4,12,0,0,4,17,0,0,0,62289,60984.393,11854.064,37,35,1,29,1,60285,1428,58473,576,2,34,1,16,0,2,0,0
4,17,0,0,4,12,0,0,4,12,0,0,4,17,0,0,0,63689,61077.655,11658.34,37,33,2,29,2,59681,2856,58473,1152,2,32,1,15,0,2,0,0
4,17,0,0,6,12,0,0,6,12,0,0,4,17,0,0,0,65145,61213.233,11485.617,39,35,3,29,1,60285,4284,58473,576,2,34,1,16,0,2,0,0
4,17,0,0,4,12,0,0,4,12,0,0,4,17,0,0,0,62289,61247.935,11300.445,37,35,1,29,1,60285,1428,58473,576,2,34,1,16,0,2,0,0
3,15,0,0,5,14,0,0,5,14,0,0,3,15,0,0,0,64541,61350.844,11137.223,37,33,3,29,1,59681,4284,58473,576,2,32,1,14,0,2,0,0
4,17,0,0,4,12,0,0,4,12,0,0,4,17,0,0,0,62289,61379.273,10968.358,37,35,1,29,1,60285,1428,58473,576,2,34,1,16,0,2,0,0
2,17,0,0,4,12,0,0,4,12,0,0,2,17,0,0,0,62537,61413.324,10807.625,35,33,2,29,0,59681,2856,58473,0,2,32,1,16,0,2,0,0
4,15,0,0,4,13,0,0,4,13,0,0,4,15,0,0,0,62237,61436.857,10652.995,36,34,1,28,1,60233,1428,58421,576,2,33,1,15,0,2,0,0
4,17,0,0,6,12,0,0,6,12,0,0,4,17,0,0,0,65145,61539.861,10521.656,39,35,3,29,1,60285,4284,58473,576,2,34,1,17,0,2,0,0
3,17,0,0,3,12,0,0,3,12,0,0,3,17,0,0,0,61685,61543.784,10378.525,35,33,1,29,1,59681,1428,58473,576,2,32,1,16,0,2,0,0
5,15,0,0,5,14,0,0,5,14,0,0,5,15,0,0,0,64293,61616.132,10250.506,39,35,2,29,2,60285,2856,58473,1152,2,34,1,15,0,2,0,0
3,17,0,0,5,12,0,0,5,12,0,0,3,17,0,0,0,64541,61691.128,10128.792,37,33,3,29,1,59681,4284,58473,576,2,32,1,16,0,2,0,0
4,17,0,0,4,12,0,0,4,12,0,0,4,17,0,0,0,62289,61706.075,10001.816,37,35,1,29,1,60285,1428,58473,576,2,34,1,16,0,2,0,0
3,17,0,0,5,12,0,0,5,12,0,0,3,17,0,0,0,63141,61741.073,9881.569,37,35,2,29,0,60285,2856,58473,0,2,34,1,18,0,2,0,0
3,17,0,0,3,12,0,0,3,12,0,0,3,17,0,0,0,61685,61739.738,9763.226,35,33,1,29,1,59681,1428,58473,576,2,32,1,16,0,2,0,0
4,17,0,0,6,12,0,0,6,12,0,0,4,17,0,0,0,65145,61818.93,9662.672,39,35,3,29,1,60285,4284,58473,576,2,34,1,17,0,2,0,0
4,18,0,0,4,11,0,0,4,11,0,0,4,18,0,0,0,63749,61862.795,9556.568,37,35,1,29,1,61745,1428,59933,576,2,34,1,17,0,2,0,0
4,17,0,0,4,13,0,0,4,13,0,0,4,17,0,0,0,63741,61904.533,9453.842,38,34,2,30,2,59733,2856,58525,1152,2,33,1,16,0,2,0,0
4,17,0,0,6,12,0,0,6,12,0,0,4,17,0,0,0,65145,61974.978,9362.452,39,35,3,29,1,60285,4284,58473,576,2,34,1,16,0,2,0,0
3,16,0,0,3,18,0,0,3,18,0,0,3,16,0,0,0,61945,61974.34,9262.317,40,38,1,34,1,59941,1428,58733,576,2,37,1,15,0,2,0,0
4,17,0,0,6,12,0,0,6,12,0,0,4,17,0,0,0,65145,62040.396,9176.507,39,35,3,29,1,60285,4284,58473,576,2,34,1,16,0,2,0,0
3,17,0,0,3,12,0,0,3,12,0,0,3,17,0,0,0,60285,62004.571,9085.777,35,35,0,29,0,60285,0,58473,0,2,34,1,16,0,2,0,0
3,15,0,0,5,14,0,0,5,14,0,0,3,15,0,0,0,64541,62055.3,9001.467,37,33,3,29,1,59681,4284,58473,576,2,32,1,14,0,2,0,0
4,17,0,0,4,12,0,0,4,12,0,0,4,17,0,0,0,62289,62059.882,8912.84,37,35,1,29,1,60285,1428,58473,576,2,34,1,16,0,2,0,0
5,17,0,0,5,12,0,0,5,12,0,0,5,17,0,0,0,64293,62102.827,8832.05,39,35,2,29,2,60285,2856,58473,1152,2,34,1,16,0,2,0,0
3,17,0,0,5,12,0,0,5,12,0,0,3,17,0,0,0,64541,62148.83,8754.619,37,33,3,29,1,59681,4284,58473,576,2,32,1,15,0,2,0,0
4,17,0,0,4,12,0,0,4,12,0,0,4,17,0,0,0,62289,62151.426,8673.2,37,35,1,29,1,60285,1428,58473,576,2,34,1,17,0,2,0,0
3,17,0,0,5,12,0,0,5,12,0,0,3,17,0,0,0,64541,62194.873,8599.919,37,33,3,29,1,59681,4284,58473,576,2,32,1,16,0,2,0,0
4,15,0,0,4,13,0,0,4,13,0,0,4,15,0,0,0,62237,62195.625,8522.79,36,34,1,28,1,60233,1428,58421,576,2,33,1,15,0,2,0,0
3,17,0,0,5,12,0,0,5,12,0,0,3,17,0,0,0,63141,62212.211,8448.609,37,35,2,29,0,60285,2856,58473,0,2,34,1,17,0,2,0,0
3,15,0,0,3,14,0,0,3,14,0,0,3,15,0,0,0,61685,62203.121,8375.741,35,33,1,29,1,59681,1428,58473,576,2,32,1,14,0,2,0,0
4,15,0,0,6,13,0,0,6,13,0,0,4,15,0,0,0,65093,62252.102,8312.831,38,34,3,28,1,60233,4284,58421,576,2,33,1,15,0,2,0,0
4,15,0,0,4,14,0,0,4,14,0,0,4,15,0,0,0,62289,62252.717,8243.267,37,35,1,29,1,60285,1428,58473,576,2,34,1,15,0,2,0,0
4,16,0,0,4,14,0,0,4,14,0,0,4,16,0,0,0,63741,62277.115,8177.605,38,34,2,30,2,59733,2856,58525,1152,2,33,1,15,0,2,0,0
4,17,0,0,6,12,0,0,6,12,0,0,4,17,0,0,0,65145,62323.371,8119.429,39,35,3,29,1,60285,4284,58473,576,2,34,1,17,0,2,0,0
3,17,0,0,3,12,0,0,3,12,0,0,3,17,0,0,0,61685,62313.238,8055.127,35,33,1,29,1,59681,1428,58473,576,2,32,1,17,0,2,0,0
4,17,0,0,6,12,0,0,6,12,0,0,4,17,0,0,0,65145,62357.484,7999.661,39,35,3,29,1,60285,4284,58473,576,2,34,1,16,0,2,0,0
3,17,0,0,3,12,0,0,3,12,0,0,3,17,0,0,0,60285,62325.6,7941.984,35,35,0,29,0,60285,0,58473,0,2,34,1,16,0,2,0,0
3,17,0,0,5,12,0,0,5,12,0,0,3,17,0,0,0,64541,62359.167,7886.232,37,33,3,29,1,59681,4284,58473,576,2,32,1,15,0,2,0,0
4,17,0,0,4,12,0,0,4,12,0,0,4,17,0,0,0,62289,62358.119,7827.163,37,35,1,29,1,60285,1428,58473,576,2,34,1,17,0,2,0,0
5,17,0,0,5,12,0,0,5,12,0,0,5,17,0,0,0,64293,62386.574,7772.888,39,35,2,29,2,60285,2856,58473,1152,2,34,1,16,0,2,0,0
3,17,0,0,5,12,0,0,5,12,0,0,3,17,0,0,0,64541,62417.797,7720.651,37,33,3,29,1,59681,4284,58473,576,2,32,1,15,0,2,0,0
4,17,0,0,4,12,0,0,4,12,0,0,4,17,0,0,0,62289,62415.957,7665.321,37,35,1,29,1,60285,1428,58473,576,2,34,1,16,0,2,0,0
3,17,0,0,5,12,0,0,5,12,0,0,3,17,0,0,0,64541,62445.887,7615.266,37,33,3,29,1,59681,4284,58473,576,2,32,1,15,0,2,0,0
4,17,0,0,4,12,0,0,4,12,0,0,4,17,0,0,0,62289,62443.708,7562.22,37,35,1,29,1,60285,1428,58473,576,2,34,1,16,0,2,0,0
3,17,0,0,5,12,0,0,5,12,0,0,3,17,0,0,0,63141,62453.26,7510.683,37,35,2,29,0,60285,2856,58473,0,2,34,1,18,0,2,0,0
3,17,0,0,3,12,0,0,3,12,0,0,3,17,0,0,0,61685,62442.878,7460.29,35,33,1,29,1,59681,1428,58473,576,2,32,1,16,0,2,0,0
4,15,0,0,6,13,0,0,6,13,0,0,4,15,0,0,0,65093,62478.213,7416.619,38,34,3,28,1,60233,4284,58421,576,2,33,1,15,0,2,0,0
4,17,0,0,4,12,0,0,4,12,0,0,4,17,0,0,0,62289,62475.724,7367.695,37,35,1,29,1,60285,1428,58473,576,2,34,1,16,0,2,0,0
4,17,0,0,4,12,0,0,4,12,0,0,4,17,0,0,0,63689,62491.481,7320.986,37,33,2,29,2,59681,2856,58473,1152,2,32,1,16,0,2,0,0
4,15,0,0,6,14,0,0,6,14,0,0,4,15,0,0,0,65145,62525.5,7280.028,39,35,3,29,1,60285,4284,58473,576,2,34,1,15,0,2,0,0
3,17,0,0,3,12,0,0,3,12,0,0,3,17,0,0,0,61685,62514.861,7234.415,35,33,1,29,1,59681,1428,58473,576,2,32,1,16,0,2,0,0
4,17,0,0,6,12,0,0,6,12,0,0,4,17,0,0,0,65145,62547.738,7194.994,39,35,3,29,1,60285,4284,58473,576,2,34,1,17,0,2,0,0
3,15,0,0,3,14,0,0,3,14,0,0,3,15,0,0,0,60285,62519.802,7154.807,35,35,0,29,0,60285,0,58473,0,2,34,1,15,0,2,0,0
3,17,0,0,5,12,0,0,5,12,0,0,3,17,0,0,0,64541,62544.451,7114.506,37,33,3,29,1,59681,4284,58473,576,2,32,1,16,0,2,0,0
4,17,0,0,4,12,0,0,4,12,0,0,4,17,0,0,0,62289,62541.373,7071.572,37,35,1,29,1,60285,1428,58473,576,2,34,1,17,0,2,0,0
5,17,0,0,5,12,0,0,5,12,0,0,5,17,0,0,0,64293,62562.226,7031.92,39,35,2,29,2,60285,2856,58473,1152,2,34,1,18,0,2,0,0
3,17,0,0,5,12,0,0,5,12,0,0,3,17,0,0,0,64541,62585.506,6993.689,37,33,3,29,1,59681,4284,58473,576,2,32,1,15,0,2,0,0
4,17,0,0,4,12,0,0,4,12,0,0,4,17,0,0,0,62289,62582.058,6952.982,37,35,1,29,1,60285,1428,58473,576,2,34,1,16,0,2,0,0
3,17,0,0,5,12,0,0,5,12,0,0,3,17,0,0,0,64541,62604.575,6916.059,37,33,3,29,1,59681,4284,58473,576,2,32,1,16,0,2,0,0
4,15,0,0,4,14,0,0,4,14,0,0,4,15,0,0,0,62289,62600.989,6876.733,37,35,1,29,1,60285,1428,58473,576,2,34,1,15,0,2,0,0
3,17,0,0,5,12,0,0,5,12,0,0,3,17,0,0,0,63141,62607.056,6838.227,37,35,2,29,0,60285,2856,58473,0,2,34,1,17,0,2,0,0
3,17,0,0,3,12,0,0,3,12,0,0,3,17,0,0,0,61685,62596.811,6800.818,35,33,1,29,1,59681,1428,58473,576,2,32,1,16,0,2,0,0
4,17,0,0,6,12,0,0,6,12,0,0,4,17,0,0,0,65145,62624.813,6768.563,39,35,3,29,1,60285,4284,58473,576,2,34,1,17,0,2,0,0
4,17,0,0,4,12,0,0,4,12,0,0,4,17,0,0,0,62289,62621.163,6731.766,37,35,1,29,1,60285,1428,58473,576,2,34,1,16,0,2,0,0
4,17,0,0,4,12,0,0,4,12,0,0,4,17,0,0,0,63689,62632.645,6696.382,37,33,2,29,2,59681,2856,58473,1152,2,32,1,17,0,2,0,0
4,12,0,0,6,15,0,0,6,15,0,0,4,12,0,0,0,65041,62658.266,6665.249,37,33,3,27,1,60181,4284,58369,576,2,32,1,13,0,2,0,0
3,15,0,0,3,14,0,0,3,14,0,0,3,15,0,0,0,61685,62648.021,6630.82,35,33,1,29,1,59681,1428,58473,576,2,32,1,14,0,2,0,0
4,17,0,0,6,12,0,0,6,12,0,0,4,17,0,0,0,65145,62674.031,6601.064,39,35,3,29,1,60285,4284,58473,576,2,34,1,16,0,2,0,0
3,15,0,0,3,14,0,0,3,14,0,0,3,15,0,0,0,60285,62649.402,6571.382,35,35,0,29,0,60285,0,58473,0,2,34,1,15,0,2,0,0
3,17,0,0,5,12,0,0,5,12,0,0,3,17,0,0,0,64541,62668.704,6540.532,37,33,3,29,1,59681,4284,58473,576,2,32,1,15,0,2,0,0
4,17,0,0,4,12,0,0,4,12,0,0,4,17,0,0,0,62289,62664.869,6507.526,37,35,1,29,1,60285,1428,58473,576,2,34,1,16,0,2,0,0
4,15,0,0,4,13,0,0,4,13,0,0,4,15,0,0,0,63637,62674.59,6475.629,36,32,2,28,2,59629,2856,58421,1152,2,31,1,14,0,2,0,0
4,15,0,0,6,13,0,0,6,13,0,0,4,15,0,0,0,65093,62698.535,6447.939,38,34,3,28,1,60233,4284,58421,576,2,33,1,15,0,2,0,0
4,15,0,0,4,14,0,0,4,14,0,0,4,15,0,0,0,62289,62694.52,6416.38,37,35,1,29,1,60285,1428,58473,576,2,34,1,15,0,2,0,0
3,15,0,0,5,14,0,0,5,14,0,0,3,15,0,0,0,64541,62712.447,6387.723,37,33,3,29,1,59681,4284,58473,576,2,32,1,14,0,2,0,0
4,17,0,0,4,12,0,0,4,12,0,0,4,17,0,0,0,62289,62708.375,6357.073,37,35,1,29,1,60285,1428,58473,576,2,34,1,17,0,2,0,0
3,16,0,0,5,11,0,0,5,11,0,0,3,16,0,0,0,63037,62711.505,6326.81,35,33,2,27,0,60181,2856,58369,0,2,32,1,16,0,2,0,0
3,17,0,0,3,12,0,0,3,12,0,0,3,17,0,0,0,61685,62701.821,6297.677,35,33,1,29,1,59681,1428,58473,576,2,32,1,16,0,2,0,0
5,18,0,0,5,12,0,0,5,12,0,0,5,18,0,0,0,65805,62730.822,6275.288,40,36,2,30,2,61797,2856,59985,1152,2,35,1,18,0,2,0,0
3,17,0,0,5,12,0,0,5,12,0,0,3,17,0,0,0,64541,62747.583,6248.574,37,33,3,29,1,59681,4284,58473,576,2,32,1,16,0,2,0,0
4,17,0,0,4,12,0,0,4,12,0,0,4,17,0,0,0,62289,62743.376,6219.998,37,35,1,29,1,60285,1428,58473,576,2,34,1,18,0,2,0,0
4,17,0,0,6,12,0,0,6,12,0,0,4,17,0,0,0,65145,62765.209,6195.855,39,35,3,29,1,60285,4284,58473,576,2,34,1,17,0,2,0,0
3,15,0,0,3,14,0,0,3,14,0,0,3,15,0,0,0,61685,62755.477,6168.727,35,33,1,29,1,59681,1428,58473,576,2,32,1,14,0,2,0,0
4,15,0,0,6,14,0,0,6,14,0,0,4,15,0,0,0,65145,62776.812,6145.239,39,35,3,29,1,60285,4284,58473,576,2,34,1,15,0,2,0,0
3,17,0,0,3,12,0,0,3,12,0,0,3,17,0,0,0,60285,62754.761,6122.436,35,35,0,29,0,60285,0,58473,0,2,34,1,17,0,2,0,0
3,17,0,0,5,12,0,0,5,12,0,0,3,17,0,0,0,64541,62770.43,6097.8,37,33,3,29,1,59681,4284,58473,576,2,32,1,16,0,2,0,0
4,17,0,0,4,12,0,0,4,12,0,0,4,17,0,0,0,62289,62766.243,6071.394,37,35,1,29,1,60285,1428,58473,576,2,34,1,18,0,2,0,0
4,15,0,0,4,14,0,0,4,14,0,0,4,15,0,0,0,63689,62774.198,6045.769,37,33,2,29,2,59681,2856,58473,1152,2,32,1,14,0,2,0,0
4,15,0,0,6,14,0,0,6,14,0,0,4,15,0,0,0,65145,62794.462,6023.832,39,35,3,29,1,60285,4284,58473,576,2,34,1,15,0,2,0,0
4,17,0,0,4,12,0,0,4,12,0,0,4,17,0,0,0,62289,62790.178,5998.432,37,35,1,29,1,60285,1428,58473,576,2,34,1,16,0,2,0,0
3,17,0,0,5,12,0,0,5,12,0,0,3,17,0,0,0,64541,62804.891,5975.313,37,33,3,29,1,59681,4284,58473,576,2,32,1,17,0,2,0,0
4,17,0,0,4,12,0,0,4,12,0,0,4,17,0,0,0,62289,62800.592,5950.549,37,35,1,29,1,60285,1428,58473,576,2,34,1,18,0,2,0,0
3,17,0,0,5,12,0,0,5,12,0,0,3,17,0,0,0,63141,62803.405,5925.989,37,35,2,29,0,60285,2856,58473,0,2,34,1,16,0,2,0,0
3,17,0,0,3,12,0,0,3,12,0,0,3,17,0,0,0,61685,62794.238,5902.513,35,33,1,29,1,59681,1428,58473,576,2,32,1,15,0,2,0,0
5,15,0,0,5,14,0,0,5,14,0,0,5,15,0,0,0,64293,62806.423,5880.011,39,35,2,29,2,60285,2856,58473,1152,2,34,1,15,0,2,0,0
3,15,0,0,5,14,0,0,5,14,0,0,3,15,0,0,0,64541,62820.411,5858.308,37,33,3,29,1,59681,4284,58473,576,2,32,1,14,0,2,0,0
4,17,0,0,4,12,0,0,4,12,0,0,4,17,0,0,0,62289,62816.16,5835.02,37,35,1,29,1,60285,1428,58473,576,2,34,1,16,0,2,0,0
4,15,0,0,6,14,0,0,6,14,0,0,4,15,0,0,0,65145,62834.643,5815.491,39,35,3,29,1,60285,4284,58473,576,2,34,1,15,0,2,0,0
3,17,0,0,3,12,0,0,3,12,0,0,3,17,0,0,0,61685,62825.591,5793.442,35,33,1,29,1,59681,1428,58473,576,2,32,1,16,0,2,0,0
3,15,0,0,5,14,0,0,5,14,0,0,3,15,0,0,0,63141,62828.055,5770.833,37,35,2,29,0,60285,2856,58473,0,2,34,1,15,0,2,0,0
4,17,0,0,4,12,0,0,4,12,0,0,4,17,0,0,0,62289,62823.876,5748.617,37,35,1,29,1,60285,1428,58473,576,2,34,1,16,0,2,0,0
3,15,0,0,5,13,0,0,5,13,0,0,3,15,0,0,0,64489,62836.685,5728.312,36,32,3,28,1,59629,4284,58421,576,2,31,1,14,0,2,0,0
4,17,0,0,4,12,0,0,4,12,0,0,4,17,0,0,0,62289,62832.504,5706.605,37,35,1,29,1,60285,1428,58473,576,2,34,1,17,0,2,0,0
4,18,0,0,4,13,0,0,4,13,0,0,4,18,0,0,0,65253,62850.841,5688.821,39,35,2,31,2,61245,2856,60037,1152,2,34,1,16,0,2,0,0
4,18,0,0,6,13,0,0,6,13,0,0,4,18,0,0,0,66709,62879.85,5677.185,41,37,3,31,1,61849,4284,60037,576,2,36,1,17,0,2,0,0
4,17,0,0,4,12,0,0,4,12,0,0,4,17,0,0,0,62289,62875.44,5656.191,37,35,1,29,1,60285,1428,58473,576,2,34,1,16,0,2,0,0
3,17,0,0,5,12,0,0,5,12,0,0,3,17,0,0,0,64541,62887.778,5637.012,37,33,3,29,1,59681,4284,58473,576,2,32,1,16,0,2,0,0
3,17,0,0,3,12,0,0,3,12,0,0,3,17,0,0,0,60285,62868.64,5620.65,35,35,0,29,0,60285,0,58473,0,2,34,1,18,0,2,0,0
4,17,0,0,6,12,0,0,6,12,0,0,4,17,0,0,0,65145,62885.255,5603.451,39,35,3,29,1,60285,4284,58473,576,2,34,1,16,0,2,0,0
3,17,0,0,3,16,0,0,3,16,0,0,3,17,0,0,0,61893,62878.065,5583.746,39,37,1,33,1,59889,1428,58681,576,2,36,1,17,0,2,0,0
5,17,0,0,5,12,0,0,5,12,0,0,5,17,0,0,0,64293,62888.245,5564.909,39,35,2,29,2,60285,2856,58473,1152,2,34,1,18,0,2,0,0
3,17,0,0,5,12,0,0,5,12,0,0,3,17,0,0,0,64541,62900.05,5546.745,37,33,3,29,1,59681,4284,58473,576,2,32,1,16,0,2,0,0
4,17,0,0,4,12,0,0,4,12,0,0,4,17,0,0,0,62289,62895.716,5527.279,37,35,1,29,1,60285,1428,58473,576,2,34,1,17,0,2,0,0
4,17,0,0,6,12,0,0,6,12,0,0,4,17,0,0,0,65145,62911.556,5510.993,39,35,3,29,1,60285,4284,58473,576,2,34,1,17,0,2,0,0
3,15,0,0,3,14,0,0,3,14,0,0,3,15,0,0,0,61685,62902.979,5492.641,35,33,1,29,1,59681,1428,58473,576,2,32,1,14,0,2,0,0
3,15,0,0,5,14,0,0,5,14,0,0,3,15,0,0,0,63141,62904.632,5473.571,37,35,2,29,0,60285,2856,58473,0,2,34,1,15,0,2,0,0
4,15,0,0,4,13,0,0,4,13,0,0,4,15,0,0,0,62237,62900.028,5454.944,36,34,1,28,1,60233,1428,58421,576,2,33,1,15,0,2,0,0
4,15,0,0,4,14,0,0,4,14,0,0,4,15,0,0,0,63689,62905.432,5436.62,37,33,2,29,2,59681,2856,58473,1152,2,32,1,14,0,2,0,0
4,17,0,0,6,12,0,0,6,12,0,0,4,17,0,0,0,65145,62920.667,5421.223,39,35,3,29,1,60285,4284,58473,576,2,34,1,18,0,2,0,0
3,15,0,0,3,13,0,0,3,13,0,0,3,15,0,0,0,61633,62911.966,5403.907,34,32,1,28,1,59629,1428,58421,576,2,31,1,14,0,2,0,0
4,14,0,0,6,14,0,0,6,14,0,0,4,14,0,0,0,65093,62926.604,5388.686,38,34,3,28,1,60233,4284,58421,576,2,33,1,14,0,2,0,0
4,12,0,0,4,13,0,0,4,13,0,0,4,12,0,0,0,62081,62920.967,5371.134,33,31,1,25,1,60077,1428,58265,576,2,30,1,13,0,2,0,0
3,17,0,0,5,12,0,0,5,12,0,0,3,17,0,0,0,64541,62931.695,5354.932,37,33,3,29,1,59681,4284,58473,576,2,32,1,16,0,2,0,0
3,16,0,0,3,14,0,0,3,14,0,0,3,16,0,0,0,60337,62914.625,5341.408,36,36,0,30,0,60337,0,58525,0,2,35,1,16,0,2,0,0
4,17,0,0,6,12,0,0,6,12,0,0,4,17,0,0,0,65145,62929.203,5326.957,39,35,3,29,1,60285,4284,58473,576,2,34,1,17,0,2,0,0
3,19,0,0,3,13,0,0,3,13,0,0,3,19,0,0,0,61841,62922.136,5310.353,38,36,1,32,1,59837,1428,58629,576,2,35,1,16,0,2,0,0
5,12,0,0,5,13,0,0,5,13,0,0,5,12,0,0,0,64085,62929.639,5294.013,35,31,2,25,2,60077,2856,58265,1152,2,30,1,13,0,2,0,0
3,17,0,0,5,12,0,0,5,12,0,0,3,17,0,0,0,64541,62939.968,5278.585,37,33,3,29,1,59681,4284,58473,576,2,32,1,15,0,2,0,0
4,17,0,0,4,15,0,0,4,15,0,0,4,17,0,0,0,62445,62936.815,5261.895,40,38,1,32,1,60441,1428,58629,576,2,37,1,16,0,2,0,0
4,15,0,0,6,14,0,0,6,14,0,0,4,15,0,0,0,65145,62950.791,5248.139,39,35,3,29,1,60285,4284,58473,576,2,34,1,15,0,2,0,0
3,17,0,0,3,12,0,0,3,12,0,0,3,17,0,0,0,61685,62942.83,5232.566,35,33,1,29,1,59681,1428,58473,576,2,32,1,16,0,2,0,0
3,15,0,0,5,14,0,0,5,14,0,0,3,15,0,0,0,63141,62944.069,5216.212,37,35,2,29,0,60285,2856,58473,0,2,34,1,15,0,2,0,0
4,15,0,0,4,14,0,0,4,14,0,0,4,15,0,0,0,62289,62940,5200.242,37,35,1,29,1,60285,1428,58473,576,2,34,1,15,0,2,0,0
4,15,0,0,4,14,0,0,4,14,0,0,4,15,0,0,0,63689,62944.623,5184.499,37,33,2,29,2,59681,2856,58473,1152,2,32,1,14,0,2,0,0
4,17,0,0,6,12,0,0,6,12,0,0,4,17,0,0,0,65145,62958.123,5171.427,39,35,3,29,1,60285,4284,58473,576,2,34,1,16,0,2,0,0
3,17,0,0,3,12,0,0,3,12,0,0,3,17,0,0,0,61685,62950.36,5156.588,35,33,1,29,1,59681,1428,58473,576,2,32,1,15,0,2,0,0
4,12,0,0,6,13,0,0,6,13,0,0,4,12,0,0,0,64937,62962.4,5143.25,35,31,3,25,1,60077,4284,58265,576,2,30,1,13,0,2,0,0
4,17,0,0,4,12,0,0,4,12,0,0,4,17,0,0,0,62289,62958.343,5128,37,35,1,29,1,60285,1428,58473,576,2,34,1,17,0,2,0,0
3,15,0,0,5,14,0,0,5,14,0,0,3,15,0,0,0,64541,62967.82,5114.082,37,33,3,29,1,59681,4284,58473,576,2,32,1,14,0,2,0,0
3,15,0,0,3,14,0,0,3,14,0,0,3,15,0,0,0,60285,62951.851,5103.013,35,35,0,29,0,60285,0,58473,0,2,34,1,15,0,2,0,0
4,15,0,0,6,14,0,0,6,14,0,0,4,15,0,0,0,65145,62964.828,5090.672,39,35,3,29,1,60285,4284,58473,576,2,34,1,15,0,2,0,0
3,16,0,0,3,14,0,0,3,14,0,0,3,16,0,0,0,61737,62957.606,5076.546,36,34,1,30,1,59733,1428,58525,576,2,33,1,15,0,2,0,0
5,12,0,0,5,13,0,0,5,13,0,0,5,12,0,0,0,64085,62964.199,5062.411,35,31,2,25,2,60077,2856,58265,1152,2,30,1,13,0,2,0,0
3,17,0,0,5,12,0,0,5,12,0,0,3,17,0,0,0,64541,62973.366,5049.096,37,33,3,29,1,59681,4284,58473,576,2,32,1,17,0,2,0,0
4,15,0,0,4,14,0,0,4,14,0,0,4,15,0,0,0,62289,62969.41,5034.75,37,35,1,29,1,60285,1428,58473,576,2,34,1,15,0,2,0,0
4,15,0,0,6,14,0,0,6,14,0,0,4,15,0,0,0,65145,62981.914,5022.954,39,35,3,29,1,60285,4284,58473,576,2,34,1,15,0,2,0,0
3,15,0,0,3,14,0,0,3,14,0,0,3,15,0,0,0,61685,62974.503,5009.536,35,33,1,29,1,59681,1428,58473,576,2,32,1,14,0,2,0,0
3,17,0,0,5,12,0,0,5,12,0,0,3,17,0,0,0,63141,62975.449,4995.3,37,35,2,29,0,60285,2856,58473,0,2,34,1,16,0,2,0,0
3,17,0,0,3,12,0,0,3,12,0,0,3,17,0,0,0,61685,62968.158,4982.108,35,33,1,29,1,59681,1428,58473,576,2,32,1,17,0,2,0,0
5,16,0,0,5,18,0,0,5,18,0,0,5,16,0,0,0,64553,62977.062,4969.505,44,40,2,34,2,60545,2856,58733,1152,2,39,1,16,0,2,0,0
4,15,0,0,6,14,0,0,6,14,0,0,4,15,0,0,0,65145,62989.173,4958.238,39,35,3,29,1,60285,4284,58473,576,2,34,1,15,0,2,0,0
3,15,0,0,3,14,0,0,3,14,0,0,3,15,0,0,0,61685,62981.928,4945.396,35,33,1,29,1,59681,1428,58473,576,2,32,1,14,0,2,0,0
4,17,0,0,6,12,0,0,6,12,0,0,4,17,0,0,0,65145,62993.878,4934.322,39,35,3,29,1,60285,4284,58473,576,2,34,1,16,0,2,0,0
4,17,0,0,4,12,0,0,4,12,0,0,4,17,0,0,0,62289,62990.005,4921.023,37,35,1,29,1,60285,1428,58473,576,2,34,1,17,0,2,0,0
3,17,0,0,5,12,0,0,5,12,0,0,3,17,0,0,0,64541,62998.481,4908.891,37,33,3,29,1,59681,4284,58473,576,2,32,1,15,0,2,0,0
3,17,0,0,3,11,0,0,3,11,0,0,3,17,0,0,0,60233,62983.451,4899.754,34,34,0,28,0,60233,0,58421,0,2,33,1,17,0,2,0,0
3,17,0,0,5,12,0,0,5,12,0,0,3,17,0,0,0,64541,62991.87,4887.828,37,33,3,29,1,59681,4284,58473,576,2,32,1,17,0,2,0,0
4,17,0,0,4,12,0,0,4,12,0,0,4,17,0,0,0,62289,62988.091,4874.942,37,35,1,29,1,60285,1428,58473,576,2,34,1,17,0,2,0,0
5,17,0,0,5,12,0,0,5,12,0,0,5,17,0,0,0,64293,62995.07,4862.821,39,35,2,29,2,60285,2856,58473,1152,2,34,1,17,0,2,0,0
3,15,0,0,5,14,0,0,5,14,0,0,3,15,0,0,0,64541,63003.293,4851.174,37,33,3,29,1,59681,4284,58473,576,2,32,1,14,0,2,0,0
4,17,0,0,4,12,0,0,4,12,0,0,4,17,0,0,0,62289,62999.513,4838.601,37,35,1,29,1,60285,1428,58473,576,2,34,1,16,0,2,0,0
4,15,0,0,6,14,0,0,6,14,0,0,4,15,0,0,0,65145,63010.805,4828.347,39,35,3,29,1,60285,4284,58473,576,2,34,1,15,0,2,0,0
3,17,0,0,3,12,0,0,3,12,0,0,3,17,0,0,0,61685,63003.864,4816.641,35,33,1,29,1,59681,1428,58473,576,2,32,1,16,0,2,0,0
3,17,0,0,5,12,0,0,5,12,0,0,3,17,0,0,0,63141,63004.578,4804.092,37,35,2,29,0,60285,2856,58473,0,2,34,1,16,0,2,0,0
3,15,0,0,3,14,0,0,3,14,0,0,3,15,0,0,0,61685,62997.741,4792.566,35,33,1,29,1,59681,1428,58473,576,2,32,1,14,0,2,0,0
5,15,0,0,5,14,0,0,5,14,0,0,5,15,0,0,0,64293,63004.418,4781.098,39,35,2,29,2,60285,2856,58473,1152,2,34,1,15,0,2,0,0
4,17,0,0,6,12,0,0,6,12,0,0,4,17,0,0,0,65145,63015.395,4771.273,39,35,3,29,1,60285,4284,58473,576,2,34,1,16,0,2,0,0
3,15,0,0,3,14,0,0,3,14,0,0,3,15,0,0,0,61685,63008.607,4760.03,35,33,1,29,1,59681,1428,58473,576,2,32,1,14,0,2,0,0
4,15,0,0,6,14,0,0,6,14,0,0,4,15,0,0,0,65145,63019.452,4750.36,39,35,3,29,1,60285,4284,58473,576,2,34,1,15,0,2,0,0
4,17,0,0,4,12,0,0,4,12,0,0,4,17,0,0,0,62289,63015.763,4738.632,37,35,1,29,1,60285,1428,58473,576,2,34,1,16,0,2,0,0
3,15,0,0,5,18,0,0,5,18,0,0,3,15,0,0,0,64749,63024.472,4728.3,41,37,3,33,1,59889,4284,58681,576,2,36,1,15,0,2,0,0
3,17,0,0,3,12,0,0,3,12,0,0,3,17,0,0,0,60285,63010.775,4720.42,35,35,0,29,0,60285,0,58473,0,2,34,1,17,0,2,0,0
4,17,0,0,4,12,0,0,4,12,0,0,4,17,0,0,0,63689,63014.149,4708.905,37,33,2,29,2,59681,2856,58473,1152,2,32,1,17,0,2,0,0
4,15,0,0,6,14,0,0,6,14,0,0,4,15,0,0,0,65145,63024.698,4699.615,39,35,3,29,1,60285,4284,58473,576,2,34,1,15,0,2,0,0
4,16,0,0,4,18,0,0,4,18,0,0,4,16,0,0,0,62549,63022.355,4688.144,42,40,1,34,1,60545,1428,58733,576,2,39,1,16,0,2,0,0
3,16,0,0,5,12,0,0,5,12,0,0,3,16,0,0,0,64489,63029.544,4677.761,36,32,3,28,1,59629,4284,58421,576,2,31,1,15,0,2,0,0
4,15,0,0,4,14,0,0,4,14,0,0,4,15,0,0,0,62289,63025.932,4666.623,37,35,1,29,1,60285,1428,58473,576,2,34,1,15,0,2,0,0
4,17,0,0,6,12,0,0,6,12,0,0,4,17,0,0,0,65145,63036.218,4657.612,39,35,3,29,1,60285,4284,58473,576,2,34,1,17,0,2,0,0
3,17,0,0,3,12,0,0,3,12,0,0,3,17,0,0,0,61685,63029.691,4647.292,35,33,1,29,1,59681,1428,58473,576,2,32,1,17,0,2,0,0
3,15,0,0,5,14,0,0,5,14,0,0,3,15,0,0,0,63141,63030.226,4636.114,37,35,2,29,0,60285,2856,58473,0,2,34,1,15,0,2,0,0
3,17,0,0,3,12,0,0,3,12,0,0,3,17,0,0,0,61685,63023.789,4625.941,35,33,1,29,1,59681,1428,58473,576,2,32,1,15,0,2,0,0
5,17,0,0,5,12,0,0,5,12,0,0,5,17,0,0,0,64293,63029.833,4615.741,39,35,2,29,2,60285,2856,58473,1152,2,34,1,16,0,2,0,0
4,17,0,0,6,12,0,0,6,12,0,0,4,17,0,0,0,65145,63039.858,4607.081,39,35,3,29,1,60285,4284,58473,576,2,34,1,16,0,2,0,0
3,15,0,0,3,14,0,0,3,14,0,0,3,15,0,0,0,61685,63033.467,4597.14,35,33,1,29,1,59681,1428,58473,576,2,32,1,14,0,2,0,0
4,17,0,0,6,12,0,0,6,12,0,0,4,17,0,0,0,65145,63043.38,4588.606,39,35,3,29,1,60285,4284,58473,576,2,34,1,18,0,2,0,0
4,17,0,0,4,12,0,0,4,12,0,0,4,17,0,0,0,62289,63039.855,4578.162,37,35,1,29,1,60285,1428,58473,576,2,34,1,16,0,2,0,0
3,17,0,0,5,12,0,0,5,12,0,0,3,17,0,0,0,64541,63046.837,4568.644,37,33,3,29,1,59681,4284,58473,576,2,32,1,15,0,2,0,0
3,17,0,0,3,12,0,0,3,12,0,0,3,17,0,0,0,60285,63034.051,4561.911,35,35,0,29,0,60285,0,58473,0,2,34,1,18,0,2,0,0
4,17,0,0,4,12,0,0,4,12,0,0,4,17,0,0,0,63689,63037.069,4551.603,37,33,2,29,2,59681,2856,58473,1152,2,32,1,15,0,2,0,0
4,15,0,0,6,14,0,0,6,14,0,0,4,15,0,0,0,65145,63046.739,4543.385,39,35,3,29,1,60285,4284,58473,576,2,34,1,15,0,2,0,0
4,17,0,0,4,12,0,0,4,12,0,0,4,17,0,0,0,62289,63043.279,4533.288,37,35,1,29,1,60285,1428,58473,576,2,34,1,16,0,2,0,0
3,18,0,0,5,13,0,0,5,13,0,0,3,18,0,0,0,66105,63057.195,4527.66,39,35,3,31,1,61245,4284,60037,576,2,34,1,16,0,2,0,0
4,17,0,0,4,12,0,0,4,12,0,0,4,17,0,0,0,62289,63053.719,4517.699,37,35,1,29,1,60285,1428,58473,576,2,34,1,16,0,2,0,0
4,17,0,0,6,12,0,0,6,12,0,0,4,17,0,0,0,65145,63063.14,4509.687,39,35,3,29,1,60285,4284,58473,576,2,34,1,17,0,2,0,0
3,17,0,0,3,12,0,0,3,12,0,0,3,17,0,0,0,61685,63056.96,4500.507,35,33,1,29,1,59681,1428,58473,576,2,32,1,17,0,2,0,0
3,17,0,0,5,12,0,0,5,12,0,0,3,17,0,0,0,63141,63057.335,4490.453,37,35,2,29,0,60285,2856,58473,0,2,34,1,16,0,2,0,0
3,17,0,0,3,12,0,0,3,12,0,0,3,17,0,0,0,61685,63051.236,4481.393,35,33,1,29,1,59681,1428,58473,576,2,32,1,15,0,2,0,0
5,15,0,0,5,14,0,0,5,14,0,0,5,15,0,0,0,64293,63056.73,4472.227,39,35,2,29,2,60285,2856,58473,1152,2,34,1,15,0,2,0,0
4,17,0,0,6,12,0,0,6,12,0,0,4,17,0,0,0,65145,63065.93,4464.508,39,35,3,29,1,60285,4284,58473,576,2,34,1,17,0,2,0,0
3,15,0,0,3,14,0,0,3,14,0,0,3,15,0,0,0,61685,63059.873,4455.641,35,33,1,29,1,59681,1428,58473,576,2,32,1,14,0,2,0,0
4,17,0,0,6,12,0,0,6,12,0,0,4,17,0,0,0,65145,63068.978,4448.028,39,35,3,29,1,60285,4284,58473,576,2,34,1,16,0,2,0,0
4,15,0,0,4,14,0,0,4,14,0,0,4,15,0,0,0,62289,63065.587,4438.644,37,35,1,29,1,60285,1428,58473,576,2,34,1,15,0,2,0,0
3,17,0,0,5,12,0,0,5,12,0,0,3,17,0,0,0,64541,63071.974,4430.085,37,33,3,29,1,59681,4284,58473,576,2,32,1,15,0,2,0,0
3,17,0,0,3,12,0,0,3,12,0,0,3,17,0,0,0,60285,63059.961,4424.296,35,35,0,29,0,60285,0,58473,0,2,34,1,16,0,2,0,0
4,18,0,0,4,12,0,0,4,12,0,0,4,18,0,0,0,63741,63062.884,4415.016,38,34,2,30,2,59733,2856,58525,1152,2,33,1,16,0,2,0,0
4,17,0,0,6,12,0,0,6,12,0,0,4,17,0,0,0,65145,63071.782,4407.666,39,35,3,29,1,60285,4284,58473,576,2,34,1,16,0,2,0,0
4,15,0,0,4,14,0,0,4,14,0,0,4,15,0,0,0,62289,63068.451,4398.573,37,35,1,29,1,60285,1428,58473,576,2,34,1,15,0,2,0,0
3,15,0,0,5,14,0,0,5,14,0,0,3,15,0,0,0,64541,63074.691,4390.286,37,33,3,29,1,59681,4284,58473,576,2,32,1,14,0,2,0,0
4,15,0,0,4,14,0,0,4,14,0,0,4,15,0,0,0,62289,63071.376,4381.31,37,35,1,29,1,60285,1428,58473,576,2,34,1,15,0,2,0,0
4,17,0,0,6,12,0,0,6,12,0,0,4,17,0,0,0,65145,63080.088,4374.153,39,35,3,29,1,60285,4284,58473,576,2,34,1,16,0,2,0,0
3,15,0,0,3,14,0,0,3,14,0,0,3,15,0,0,0,61685,63074.251,4365.921,35,33,1,29,1,59681,1428,58473,576,2,32,1,14,0,2,0,0
4,15,0,0,4,14,0,0,4,14,0,0,4,15,0,0,0,62289,63070.979,4357.109,37,35,1,29,1,60285,1428,58473,576,2,34,1,15,0,2,0,0
3,17,0,0,5,19,0,0,5,19,0,0,3,17,0,0,0,64905,63078.589,4349.658,44,40,3,36,1,60045,4284,58837,576,2,39,1,15,0,2,0,0
4,17,0,0,4,12,0,0,4,12,0,0,4,17,0,0,0,62289,63075.326,4340.958,37,35,1,29,1,60285,1428,58473,576,2,34,1,16,0,2,0,0
4,17,0,0,6,12,0,0,6,12,0,0,4,17,0,0,0,65145,63083.844,4334.042,39,35,3,29,1,60285,4284,58473,576,2,34,1,16,0,2,0,0
3,15,0,0,3,14,0,0,3,14,0,0,3,15,0,0,0,61685,63078.111,4326.075,35,33,1,29,1,59681,1428,58473,576,2,32,1,14,0,2,0,0
4,17,0,0,6,12,0,0,6,12,0,0,4,17,0,0,0,65145,63086.547,4319.248,39,35,3,29,1,60285,4284,58473,576,2,34,1,16,0,2,0,0
4,17,0,0,4,12,0,0,4,12,0,0,4,17,0,0,0,62289,63083.305,4310.759,37,35,1,29,1,60285,1428,58473,576,2,34,1,16,0,2,0,0
3,17,0,0,5,12,0,0,5,12,0,0,3,17,0,0,0,64541,63089.206,4303.02,37,33,3,29,1,59681,4284,58473,576,2,32,1,16,0,2,0,0
3,15,0,0,3,14,0,0,3,14,0,0,3,15,0,0,0,60285,63077.899,4298.011,35,35,0,29,0,60285,0,58473,0,2,34,1,15,0,2,0,0
4,17,0,0,4,12,0,0,4,12,0,0,4,17,0,0,0,63689,63080.353,4289.546,37,33,2,29,2,59681,2856,58473,1152,2,32,1,15,0,2,0,0
4,15,0,0,6,14,0,0,6,14,0,0,4,15,0,0,0,65145,63088.612,4282.941,39,35,3,29,1,60285,4284,58473,576,2,34,1,15,0,2,0,0
4,17,0,0,4,12,0,0,4,12,0,0,4,17,0,0,0,62289,63085.426,4274.697,37,35,1,29,1,60285,1428,58473,576,2,34,1,16,0,2,0,0
3,17,0,0,5,12,0,0,5,12,0,0,3,17,0,0,0,64541,63091.202,4267.189,37,33,3,29,1,59681,4284,58473,576,2,32,1,16,0,2,0,0
4,16,0,0,4,15,0,0,4,15,0,0,4,16,0,0,0,62393,63088.443,4258.973,39,37,1,31,1,60389,1428,58577,576,2,36,1,15,0,2,0,0
4,15,0,0,6,14,0,0,6,14,0,0,4,15,0,0,0,65145,63096.539,4252.531,39,35,3,29,1,60285,4284,58473,576,2,34,1,15,0,2,0,0
3,16,0,0,3,12,0,0,3,12,0,0,3,16,0,0,0,61633,63090.8,4245.17,34,32,1,28,1,59629,1428,58421,576,2,31,1,15,0,2,0,0
4,17,0,0,4,12,0,0,4,12,0,0,4,17,0,0,0,62289,63087.668,4237.166,37,35,1,29,1,60285,1428,58473,576,2,34,1,16,0,2,0,0
3,17,0,0,5,12,0,0,5,12,0,0,3,17,0,0,0,64541,63093.323,4229.882,37,33,3,29,1,59681,4284,58473,576,2,32,1,15,0,2,0,0
4,15,0,0,4,14,0,0,4,14,0,0,4,15,0,0,0,62289,63090.205,4221.973,37,35,1,29,1,60285,1428,58473,576,2,34,1,15,0,2,0,0
4,15,0,0,6,14,0,0,6,14,0,0,4,15,0,0,0,65145,63098.139,4215.741,39,35,3,29,1,60285,4284,58473,576,2,34,1,15,0,2,0,0
3,17,0,0,3,12,0,0,3,12,0,0,3,17,0,0,0,61685,63092.704,4208.535,35,33,1,29,1,59681,1428,58473,576,2,32,1,15,0,2,0,0
4,17,0,0,6,12,0,0,6,12,0,0,4,17,0,0,0,65145,63100.567,4202.378,39,35,3,29,1,60285,4284,58473,576,2,34,1,16,0,2,0,0
4,17,0,0,4,12,0,0,4,12,0,0,4,17,0,0,0,62289,63097.469,4194.649,37,35,1,29,1,60285,1428,58473,576,2,34,1,17,0,2,0,0
3,17,0,0,5,12,0,0,5,12,0,0,3,17,0,0,0,64541,63102.958,4187.609,37,33,3,29,1,59681,4284,58473,576,2,32,1,17,0,2,0,0
3,15,0,0,3,13,0,0,3,13,0,0,3,15,0,0,0,60233,63092.087,4183.387,34,34,0,28,0,60233,0,58421,0,2,33,1,15,0,2,0,0
4,15,0,0,4,14,0,0,4,14,0,0,4,15,0,0,0,63689,63094.34,4175.647,37,33,2,29,2,59681,2856,58473,1152,2,32,1,14,0,2,0,0
4,17,0,0,6,12,0,0,6,12,0,0,4,17,0,0,0,65145,63102.049,4169.679,39,35,3,29,1,60285,4284,58473,576,2,34,1,16,0,2,0,0
4,17,0,0,4,12,0,0,4,12,0,0,4,17,0,0,0,62289,63099.004,4162.16,37,35,1,29,1,60285,1428,58473,576,2,34,1,16,0,2,0,0
3,15,0,0,5,14,0,0,5,14,0,0,3,15,0,0,0,64541,63104.384,4155.318,37,33,3,29,1,59681,4284,58473,576,2,32,1,14,0,2,0,0
4,17,0,0,4,12,0,0,4,12,0,0,4,17,0,0,0,62289,63101.353,4147.884,37,35,1,29,1,60285,1428,58473,576,2,34,1,18,0,2,0,0
4,17,0,0,6,12,0,0,6,12,0,0,4,17,0,0,0,65145,63108.922,4142.056,39,35,3,29,1,60285,4284,58473,576,2,34,1,17,0,2,0,0
3,17,0,0,3,12,0,0,3,12,0,0,3,17,0,0,0,61685,63103.668,4135.308,35,33,1,29,1,59681,1428,58473,576,2,32,1,17,0,2,0,0
4,17,0,0,4,12,0,0,4,12,0,0,4,17,0,0,0,62289,63100.673,4127.994,37,35,1,29,1,60285,1428,58473,576,2,34,1,16,0,2,0,0
3,17,0,0,5,12,0,0,5,12,0,0,3,17,0,0,0,64541,63105.949,4121.345,37,33,3,29,1,59681,4284,58473,576,2,32,1,15,0,2,0,0
4,17,0,0,4,12,0,0,4,12,0,0,4,17,0,0,0,62289,63102.967,4114.113,37,35,1,29,1,60285,1428,58473,576,2,34,1,16,0,2,0,0
4,18,0,0,6,12,0,0,6,12,0,0,4,18,0,0,0,65421,63111.396,4108.995,40,36,3,30,1,60561,4284,58749,576,2,35,1,18,0,3,0,0
3,17,0,0,3,12,0,0,3,12,0,0,3,17,0,0,0,61685,63106.228,4102.44,35,33,1,29,1,59681,1428,58473,576,2,32,1,16,0,2,0,0
4,17,0,0,6,12,0,0,6,12,0,0,4,17,0,0,0,65145,63113.588,4096.853,39,35,3,29,1,60285,4284,58473,576,2,34,1,16,0,2,0,0
4,15,0,0,4,14,0,0,4,14,0,0,4,15,0,0,0,62289,63110.622,4089.776,37,35,1,29,1,60285,1428,58473,576,2,34,1,15,0,2,0,0
3,17,0,0,5,12,0,0,5,12,0,0,3,17,0,0,0,64541,63115.749,4083.335,37,33,3,29,1,59681,4284,58473,576,2,32,1,17,0,2,0,0
3,17,0,0,3,12,0,0,3,12,0,0,3,17,0,0,0,60285,63105.639,4079.534,35,35,0,29,0,60285,0,58473,0,2,34,1,16,0,2,0,0
4,15,0,0,4,14,0,0,4,14,0,0,4,15,0,0,0,63689,63107.715,4072.416,37,33,2,29,2,59681,2856,58473,1152,2,32,1,14,0,2,0,0
4,15,0,0,6,14,0,0,6,14,0,0,4,15,0,0,0,65145,63114.94,4066.993,39,35,3,29,1,60285,4284,58473,576,2,34,1,15,0,2,0,0
4,17,0,0,4,12,0,0,4,12,0,0,4,17,0,0,0,62289,63112.021,4060.097,37,35,1,29,1,60285,1428,58473,576,2,34,1,16,0,2,0,0
3,15,0,0,5,14,0,0,5,14,0,0,3,15,0,0,0,64541,63117.053,4053.826,37,33,3,29,1,59681,4284,58473,576,2,32,1,14,0,2,0,0
4,15,0,0,4,14,0,0,4,14,0,0,4,15,0,0,0,62289,63114.147,4047.004,37,35,1,29,1,60285,1428,58473,576,2,34,1,15,0,2,0,0
4,17,0,0,6,12,0,0,6,12,0,0,4,17,0,0,0,65145,63121.248,4041.701,39,35,3,29,1,60285,4284,58473,576,2,34,1,16,0,2,0,0
3,17,0,0,3,12,0,0,3,12,0,0,3,17,0,0,0,61685,63116.244,4035.541,35,33,1,29,1,59681,1428,58473,576,2,32,1,15,0,2,0,0
4,15,0,0,4,14,0,0,4,14,0,0,4,15,0,0,0,62289,63113.372,4028.823,37,35,1,29,1,60285,1428,58473,576,2,34,1,15,0,2,0,0
3,15,0,0,5,14,0,0,5,14,0,0,3,15,0,0,0,64541,63118.311,4022.72,37,33,3,29,1,59681,4284,58473,576,2,32,1,14,0,2,0,0
4,17,0,0,4,12,0,0,4,12,0,0,4,17,0,0,0,62289,63115.452,4016.072,37,35,1,29,1,60285,1428,58473,576,2,34,1,16,0,2,0,0
4,17,0,0,6,12,0,0,6,12,0,0,4,17,0,0,0,65145,63122.426,4010.925,39,35,3,29,1,60285,4284,58473,576,2,34,1,17,0,2,0,0
3,17,0,0,3,12,0,0,3,12,0,0,3,17,0,0,0,61685,63117.503,4004.932,35,33,1,29,1,59681,1428,58473,576,2,32,1,15,0,2,0,0
4,18,0,0,6,14,0,0,6,14,0,0,4,18,0,0,0,65301,63124.956,4000.119,42,38,3,32,1,60441,4284,58629,576,2,37,1,17,0,2,0,0
4,17,0,0,4,12,0,0,4,12,0,0,4,17,0,0,0,62289,63122.112,3993.607,37,35,1,29,1,60285,1428,58473,576,2,34,1,16,0,2,0,0
3,17,0,0,5,12,0,0,5,12,0,0,3,17,0,0,0,64541,63126.922,3987.685,37,33,3,29,1,59681,4284,58473,576,2,32,1,17,0,2,0,0
4,17,0,0,4,12,0,0,4,12,0,0,4,17,0,0,0,62289,63124.091,3981.24,37,35,1,29,1,60285,1428,58473,576,2,34,1,16,0,2,0,0
3,15,0,0,3,14,0,0,3,14,0,0,3,15,0,0,0,61685,63119.246,3975.406,35,33,1,29,1,59681,1428,58473,576,2,32,1,14,0,2,0,0
4,17,0,0,6,12,0,0,6,12,0,0,4,17,0,0,0,65145,63126.044,3970.459,39,35,3,29,1,60285,4284,58473,576,2,34,1,16,0,2,0,0
4,17,0,0,4,12,0,0,4,12,0,0,4,17,0,0,0,62289,63123.244,3964.109,37,35,1,29,1,60285,1428,58473,576,2,34,1,16,0,2,0,0
3,15,0,0,5,14,0,0,5,14,0,0,3,15,0,0,0,64541,63127.97,3958.34,37,33,3,29,1,59681,4284,58473,576,2,32,1,14,0,2,0,0
4,15,0,0,4,14,0,0,4,14,0,0,4,15,0,0,0,62289,63125.183,3952.054,37,35,1,29,1,60285,1428,58473,576,2,34,1,15,0,2,0,0
4,19,0,0,6,13,0,0,6,13,0,0,4,19,0,0,0,65301,63132.387,3947.485,42,38,3,32,1,60441,4284,58629,576,2,37,1,17,0,2,0,0
3,17,0,0,3,12,0,0,3,12,0,0,3,17,0,0,0,61685,63127.611,3941.84,35,33,1,29,1,59681,1428,58473,576,2,32,1,15,0,2,0,0
4,17,0,0,4,12,0,0,4,12,0,0,4,17,0,0,0,62289,63124.852,3935.644,37,35,1,29,1,60285,1428,58473,576,2,34,1,16,0,2,0,0
3,17,0,0,5,12,0,0,5,12,0,0,3,17,0,0,0,64541,63129.495,3930.021,37,33,3,29,1,59681,4284,58473,576,2,32,1,15,0,2,0,0
4,15,0,0,4,14,0,0,4,14,0,0,4,15,0,0,0,62289,63126.748,3923.887,37,35,1,29,1,60285,1428,58473,576,2,34,1,15,0,2,0,0
4,17,0,0,6,12,0,0,6,12,0,0,4,17,0,0,0,65145,63133.322,3919.179,39,35,3,29,1,60285,4284,58473,576,2,34,1,16,0,2,0,0
3,17,0,0,3,12,0,0,3,12,0,0,3,17,0,0,0,61685,63128.62,3913.679,35,33,1,29,1,59681,1428,58473,576,2,32,1,15,0,2,0,0
4,17,0,0,6,12,0,0,6,12,0,0,4,17,0,0,0,65145,63135.146,3909.019,39,35,3,29,1,60285,4284,58473,576,2,34,1,16,0,2,0,0
3,17,0,0,3,12,0,0,3,12,0,0,3,17,0,0,0,61685,63130.468,3903.575,35,33,1,29,1,59681,1428,58473,576,2,32,1,15,0,2,0,0
4,15,0,0,6,13,0,0,6,13,0,0,4,15,0,0,0,65093,63136.778,3898.878,38,34,3,28,1,60233,4284,58421,576,2,33,1,15,0,2,0,0
4,17,0,0,4,12,0,0,4,12,0,0,4,17,0,0,0,62289,63134.061,3892.919,37,35,1,29,1,60285,1428,58473,576,2,34,1,16,0,2,0,0
3,15,0,0,3,14,0,0,3,14,0,0,3,15,0,0,0,61685,63129.431,3887.556,35,33,1,29,1,59681,1428,58473,576,2,32,1,14,0,2,0,0
4,15,0,0,6,14,0,0,6,14,0,0,4,15,0,0,0,65145,63135.85,3883.021,39,35,3,29,1,60285,4284,58473,576,2,34,1,15,0,2,0,0
4,16,0,0,4,14,0,0,4,14,0,0,4,16,0,0,0,62341,63133.327,3877.111,38,36,1,30,1,60337,1428,58525,576,2,35,1,16,0,2,0,0
3,17,0,0,5,12,0,0,5,12,0,0,3,17,0,0,0,64541,63137.782,3871.779,37,33,3,29,1,59681,4284,58473,576,2,32,1,17,0,2,0,0
4,17,0,0,4,12,0,0,4,12,0,0,4,17,0,0,0,62289,63135.104,3865.96,37,35,1,29,1,60285,1428,58473,576,2,34,1,18,0,2,0,0
3,15,0,0,5,13,0,0,5,13,0,0,3,15,0,0,0,64489,63139.362,3860.621,36,32,3,28,1,59629,4284,58421,576,2,31,1,14,0,2,0,0
3,15,0,0,3,13,0,0,3,13,0,0,3,15,0,0,0,60233,63130.251,3857.987,34,34,0,28,0,60233,0,58421,0,2,33,1,15,0,2,0,0
5,17,0,0,5,12,0,0,5,12,0,0,5,17,0,0,0,64293,63133.884,3852.501,39,35,2,29,2,60285,2856,58473,1152,2,34,1,18,0,2,0,0
3,17,0,0,5,12,0,0,5,12,0,0,3,17,0,0,0,64541,63138.268,3847.295,37,33,3,29,1,59681,4284,58473,576,2,32,1,15,0,2,0,0
4,15,0,0,4,14,0,0,4,14,0,0,4,15,0,0,0,62289,63135.63,3841.607,37,35,1,29,1,60285,1428,58473,576,2,34,1,15,0,2,0,0
4,15,0,0,6,14,0,0,6,14,0,0,4,15,0,0,0,65145,63141.851,3837.28,39,35,3,29,1,60285,4284,58473,576,2,34,1,15,0,2,0,0
3,17,0,0,3,12,0,0,3,12,0,0,3,17,0,0,0,61685,63137.355,3832.206,35,33,1,29,1,59681,1428,58473,576,2,32,1,16,0,2,0,0
4,15,0,0,6,14,0,0,6,14,0,0,4,15,0,0,0,65145,63143.532,3827.921,39,35,3,29,1,60285,4284,58473,576,2,34,1,15,0,2,0,0
3,18,0,0,3,15,0,0,3,15,0,0,3,18,0,0,0,61893,63139.696,3822.671,39,37,1,33,1,59889,1428,58681,576,2,36,1,18,0,2,0,0
4,17,0,0,4,12,0,0,4,12,0,0,4,17,0,0,0,62289,63137.095,3817.11,37,35,1,29,1,60285,1428,58473,576,2,34,1,16,0,2,0,0
4,17,0,0,6,12,0,0,6,12,0,0,4,17,0,0,0,65145,63143.216,3812.894,39,35,3,29,1,60285,4284,58473,576,2,34,1,16,0,2,0,0
3,15,0,0,3,14,0,0,3,14,0,0,3,15,0,0,0,61685,63138.784,3807.941,35,33,1,29,1,59681,1428,58473,576,2,32,1,14,0,2,0,0
4,16,0,0,6,14,0,0,6,14,0,0,4,16,0,0,0,65197,63145.021,3803.85,40,36,3,30,1,60337,4284,58525,576,2,35,1,16,0,2,0,0
4,15,0,0,4,14,0,0,4,14,0,0,4,15,0,0,0,62289,63142.435,3798.39,37,35,1,29,1,60285,1428,58473,576,2,34,1,15,0,2,0,0
3,17,0,0,5,12,0,0,5,12,0,0,3,17,0,0,0,64541,63146.648,3793.44,37,33,3,29,1,59681,4284,58473,576,2,32,1,15,0,2,0,0
4,17,0,0,4,12,0,0,4,12,0,0,4,17,0,0,0,62289,63144.072,3788.03,37,35,1,29,1,60285,1428,58473,576,2,34,1,16,0,2,0,0
3,17,0,0,5,12,0,0,5,12,0,0,3,17,0,0,0,64541,63148.254,3783.125,37,33,3,29,1,59681,4284,58473,576,2,32,1,15,0,2,0,0
4,15,0,0,4,14,0,0,4,14,0,0,4,15,0,0,0,62289,63145.69,3777.765,37,35,1,29,1,60285,1428,58473,576,2,34,1,15,0,2,0,0
4,15,0,0,4,14,0,0,4,14,0,0,4,15,0,0,0,62289,63143.14,3772.428,37,35,1,29,1,60285,1428,58473,576,2,34,1,15,0,2,0,0
3,15,0,0,5,14,0,0,5,14,0,0,3,15,0,0,0,64541,63147.288,3767.594,37,33,3,29,1,59681,4284,58473,576,2,32,1,14,0,2,0,0
4,15,0,0,4,14,0,0,4,14,0,0,4,15,0,0,0,62289,63144.749,3762.305,37,35,1,29,1,60285,1428,58473,576,2,34,1,15,0,2,0,0
4,17,0,0,6,11,0,0,6,11,0,0,4,17,0,0,0,65093,63150.496,3758.238,38,34,3,28,1,60233,4284,58421,576,2,33,1,17,0,2,0,0
3,17,0,0,3,12,0,0,3,12,0,0,3,17,0,0,0,61685,63146.185,3753.546,35,33,1,29,1,59681,1428,58473,576,2,32,1,15,0,2,0,0
4,15,0,0,6,14,0,0,6,14,0,0,4,15,0,0,0,65145,63152.047,3749.596,39,35,3,29,1,60285,4284,58473,576,2,34,1,15,0,2,0,0
3,15,0,0,3,13,0,0,3,13,0,0,3,15,0,0,0,61633,63147.605,3745.009,34,32,1,28,1,59629,1428,58421,576,2,31,1,14,0,2,0,0
4,17,0,0,4,12,0,0,4,12,0,0,4,17,0,0,0,62289,63145.102,3739.832,37,35,1,29,1,60285,1428,58473,576,2,34,1,16,0,2,0,0
4,17,0,0,6,12,0,0,6,12,0,0,4,17,0,0,0,65145,63150.916,3735.944,39,35,3,29,1,60285,4284,58473,576,2,34,1,17,0,2,0,0
3,15,0,0,3,14,0,0,3,14,0,0,3,15,0,0,0,61685,63146.667,3731.358,35,33,1,29,1,59681,1428,58473,576,2,32,1,14,0,2,0,0
4,17,0,0,6,12,0,0,6,12,0,0,4,17,0,0,0,65145,63152.442,3727.506,39,35,3,29,1,60285,4284,58473,576,2,34,1,18,0,2,0,0
4,17,0,0,4,12,0,0,4,12,0,0,4,17,0,0,0,62289,63149.954,3722.419,37,35,1,29,1,60285,1428,58473,576,2,34,1,16,0,2,0,0
3,15,0,0,5,14,0,0,5,14,0,0,3,15,0,0,0,64541,63153.951,3717.812,37,33,3,29,1,59681,4284,58473,576,2,32,1,14,0,2,0,0
4,17,0,0,4,12,0,0,4,12,0,0,4,17,0,0,0,62289,63151.473,3712.77,37,35,1,29,1,60285,1428,58473,576,2,34,1,17,0,2,0,0
3,15,0,0,5,14,0,0,5,14,0,0,3,15,0,0,0,64541,63155.443,3708.204,37,33,3,29,1,59681,4284,58473,576,2,32,1,14,0,2,0,0
4,15,0,0,4,14,0,0,4,14,0,0,4,15,0,0,0,62289,63152.974,3703.206,37,35,1,29,1,60285,1428,58473,576,2,34,1,15,0,2,0,0
4,14,0,0,4,14,0,0,4,14,0,0,4,14,0,0,0,62237,63150.372,3698.263,36,34,1,28,1,60233,1428,58421,576,2,33,1,14,0,2,0,0
3,15,0,0,5,14,0,0,5,14,0,0,3,15,0,0,0,64541,63154.312,3693.761,37,33,3,29,1,59681,4284,58473,576,2,32,1,14,0,2,0,0
4,16,0,0,4,14,0,0,4,14,0,0,4,16,0,0,0,62341,63152.014,3688.793,38,36,1,30,1,60337,1428,58525,576,2,35,1,16,0,2,0,0
4,17,0,0,6,12,0,0,6,12,0,0,4,17,0,0,0,65145,63157.628,3685.108,39,35,3,29,1,60285,4284,58473,576,2,34,1,17,0,2,0,0
3,15,0,0,3,14,0,0,3,14,0,0,3,15,0,0,0,61685,63153.492,3680.753,35,33,1,29,1,59681,1428,58473,576,2,32,1,14,0,2,0,0
4,16,0,0,6,14,0,0,6,14,0,0,4,16,0,0,0,65197,63159.216,3677.181,40,36,3,30,1,60337,4284,58525,576,2,35,1,16,0,2,0,0
3,15,0,0,3,14,0,0,3,14,0,0,3,15,0,0,0,61685,63155.098,3672.866,35,33,1,29,1,59681,1428,58473,576,2,32,1,14,0,2,0,0
4,15,0,0,4,14,0,0,4,14,0,0,4,15,0,0,0,62289,63152.685,3668.031,37,35,1,29,1,60285,1428,58473,576,2,34,1,15,0,2,0,0
4,15,0,0,6,14,0,0,6,14,0,0,4,15,0,0,0,65145,63158.219,3664.434,39,35,3,29,1,60285,4284,58473,576,2,34,1,15,0,2,0,0
3,17,0,0,3,12,0,0,3,12,0,0,3,17,0,0,0,61685,63154.139,3660.174,35,33,1,29,1,59681,1428,58473,576,2,32,1,17,0,2,0,0
4,16,0,0,6,12,0,0,6,12,0,0,4,16,0,0,0,65093,63159.494,3656.531,38,34,3,28,1,60233,4284,58421,576,2,33,1,16,0,2,0,0
4,15,0,0,4,14,0,0,4,14,0,0,4,15,0,0,0,62289,63157.096,3651.776,37,35,1,29,1,60285,1428,58473,576,2,34,1,15,0,2,0,0
3,15,0,0,5,14,0,0,5,14,0,0,3,15,0,0,0,64541,63160.898,3647.476,37,33,3,29,1,59681,4284,58473,576,2,32,1,14,0,2,0,0
4,15,0,0,4,17,0,0,4,17,0,0,4,15,0,0,0,62445,63158.937,3642.668,40,38,1,32,1,60441,1428,58629,576,2,37,1,15,0,2,0,0
3,16,0,0,5,18,0,0,5,18,0,0,3,16,0,0,0,64801,63163.423,3638.698,42,38,3,34,1,59941,4284,58733,576,2,37,1,15,0,2,0,0
4,17,0,0,4,12,0,0,4,12,0,0,4,17,0,0,0,62289,63161.041,3634.023,37,35,1,29,1,60285,1428,58473,576,2,34,1,16,0,2,0,0
4,17,0,0,4,12,0,0,4,12,0,0,4,17,0,0,0,62289,63158.671,3629.366,37,35,1,29,1,60285,1428,58473,576,2,34,1,17,0,2,0,0
3,17,0,0,5,12,0,0,5,12,0,0,3,17,0,0,0,64541,63162.417,3625.158,37,33,3,29,1,59681,4284,58473,576,2,32,1,15,0,2,0,0
4,14,0,0,4,14,0,0,4,14,0,0,4,14,0,0,0,62237,63159.916,3620.574,36,34,1,28,1,60233,1428,58421,576,2,33,1,14,0,2,0,0
4,15,0,0,6,13,0,0,6,13,0,0,4,15,0,0,0,65093,63165.127,3617.08,38,34,3,28,1,60233,4284,58421,576,2,33,1,15,0,2,0,0
3,15,0,0,3,14,0,0,3,14,0,0,3,15,0,0,0,61685,63161.148,3613.028,35,33,1,29,1,59681,1428,58473,576,2,32,1,14,0,2,0,0
4,15,0,0,6,17,0,0,6,17,0,0,4,15,0,0,0,65301,63166.885,3609.878,42,38,3,32,1,60441,4284,58629,576,2,37,1,15,0,2,0,0
3,17,0,0,3,12,0,0,3,12,0,0,3,17,0,0,0,61685,63162.922,3605.861,35,33,1,29,1,59681,1428,58473,576,2,32,1,15,0,2,0,0
4,17,0,0,4,12,0,0,4,12,0,0,4,17,0,0,0,62289,63160.592,3601.332,37,35,1,29,1,60285,1428,58473,576,2,34,1,18,0,2,0,0
4,17,0,0,6,12,0,0,6,12,0,0,4,17,0,0,0,65145,63165.87,3597.991,39,35,3,29,1,60285,4284,58473,576,2,34,1,18,0,2,0,0
3,15,0,0,3,14,0,0,3,14,0,0,3,15,0,0,0,61685,63161.942,3594.024,35,33,1,29,1,59681,1428,58473,576,2,32,1,14,0,2,0,0
4,15,0,0,6,14,0,0,6,14,0,0,4,15,0,0,0,65145,63167.188,3590.711,39,35,3,29,1,60285,4284,58473,576,2,34,1,15,0,2,0,0
3,15,0,0,3,17,0,0,3,17,0,0,3,15,0,0,0,61841,63163.689,3586.617,38,36,1,32,1,59837,1428,58629,576,2,35,1,14,0,2,0,0
4,17,0,0,6,12,0,0,6,12,0,0,4,17,0,0,0,65145,63168.903,3583.332,39,35,3,29,1,60285,4284,58473,576,2,34,1,16,0,2,0,0
4,19,0,0,4,13,0,0,4,13,0,0,4,19,0,0,0,62445,63167.003,3578.818,40,38,1,32,1,60441,1428,58629,576,2,37,1,17,0,2,0,0
3,15,0,0,5,14,0,0,5,14,0,0,3,15,0,0,0,64541,63170.599,3574.82,37,33,3,29,1,59681,4284,58473,576,2,32,1,14,0,2,0,0
4,17,0,0,4,12,0,0,4,12,0,0,4,17,0,0,0,62289,63168.298,3570.434,37,35,1,29,1,60285,1428,58473,576,2,34,1,16,0,2,0,0
4,12,0,0,4,13,0,0,4,13,0,0,4,12,0,0,0,62081,63165.466,3566.212,33,31,1,25,1,60077,1428,58265,576,2,30,1,13,0,2,0,0
3,15,0,0,5,14,0,0,5,14,0,0,3,15,0,0,0,64541,63169.039,3562.266,37,33,3,29,1,59681,4284,58473,576,2,32,1,14,0,2,0,0
4,17,0,0,4,12,0,0,4,12,0,0,4,17,0,0,0,62289,63166.759,3557.93,37,35,1,29,1,60285,1428,58473,576,2,34,1,16,0,2,0,0
3,17,0,0,5,12,0,0,5,12,0,0,3,17,0,0,0,64541,63170.31,3554.015,37,33,3,29,1,59681,4284,58473,576,2,32,1,15,0,2,0,0
4,17,0,0,4,12,0,0,4,12,0,0,4,17,0,0,0,62289,63168.039,3549.713,37,35,1,29,1,60285,1428,58473,576,2,34,1,18,0,2,0,0
4,17,0,0,6,12,0,0,6,12,0,0,4,17,0,0,0,65145,63173.121,3546.561,39,35,3,29,1,60285,4284,58473,576,2,34,1,16,0,2,0,0
3,17,0,0,3,12,0,0,3,12,0,0,3,17,0,0,0,61685,63169.305,3542.811,35,33,1,29,1,59681,1428,58473,576,2,32,1,17,0,2,0,0
4,17,0,0,4,12,0,0,4,12,0,0,4,17,0,0,0,62289,63167.054,3538.557,37,35,1,29,1,60285,1428,58473,576,2,34,1,16,0,2,0,0
4,17,0,0,6,12,0,0,6,12,0,0,4,17,0,0,0,65145,63172.099,3535.448,39,35,3,29,1,60285,4284,58473,576,2,34,1,18,0,2,0,0
3,17,0,0,3,12,0,0,3,12,0,0,3,17,0,0,0,61685,63168.316,3531.742,35,33,1,29,1,59681,1428,58473,576,2,32,1,15,0,2,0,0
4,17,0,0,6,12,0,0,6,12,0,0,4,17,0,0,0,65145,63173.332,3528.659,39,35,3,29,1,60285,4284,58473,576,2,34,1,18,0,2,0,0
3,17,0,0,3,12,0,0,3,12,0,0,3,17,0,0,0,61685,63169.565,3524.983,35,33,1,29,1,59681,1428,58473,576,2,32,1,15,0,2,0,0
4,17,0,0,6,12,0,0,6,12,0,0,4,17,0,0,0,65145,63174.553,3521.926,39,35,3,29,1,60285,4284,58473,576,2,34,1,16,0,2,0,0
4,15,0,0,4,17,0,0,4,17,0,0,4,15,0,0,0,62445,63172.715,3517.677,40,38,1,32,1,60441,1428,58629,576,2,37,1,15,0,2,0,0
3,17,0,0,5,12,0,0,5,12,0,0,3,17,0,0,0,64541,63176.153,3513.923,37,33,3,29,1,59681,4284,58473,576,2,32,1,15,0,2,0,0
4,17,0,0,4,12,0,0,4,12,0,0,4,17,0,0,0,62289,63173.93,3509.797,37,35,1,29,1,60285,1428,58473,576,2,34,1,16,0,2,0,0
4,17,0,0,4,12,0,0,4,12,0,0,4,17,0,0,0,62289,63171.718,3505.686,37,35,1,29,1,60285,1428,58473,576,2,34,1,18,0,2,0,0
3,17,0,0,5,12,0,0,5,12,0,0,3,17,0,0,0,64541,63175.132,3501.978,37,33,3,29,1,59681,4284,58473,576,2,32,1,15,0,2,0,0
4,17,0,0,4,12,0,0,4,12,0,0,4,17,0,0,0,62289,63172.928,3497.898,37,35,1,29,1,60285,1428,58473,576,2,34,1,16,0,2,0,0
3,17,0,0,5,12,0,0,5,12,0,0,3,17,0,0,0,64541,63176.323,3494.218,37,33,3,29,1,59681,4284,58473,576,2,32,1,17,0,2,0,0
4,17,0,0,4,12,0,0,4,12,0,0,4,17,0,0,0,62289,63174.126,3490.17,37,35,1,29,1,60285,1428,58473,576,2,34,1,16,0,2,0,0
4,17,0,0,6,12,0,0,6,12,0,0,4,17,0,0,0,65145,63178.993,3487.23,39,35,3,29,1,60285,4284,58473,576,2,34,1,16,0,2,0,0
3,17,0,0,3,12,0,0,3,12,0,0,3,17,0,0,0,61685,63175.313,3483.72,35,33,1,29,1,59681,1428,58473,576,2,32,1,15,0,2,0,0
4,17,0,0,4,12,0,0,4,12,0,0,4,17,0,0,0,62289,63173.135,3479.714,37,35,1,29,1,60285,1428,58473,576,2,34,1,16,0,2,0,0
4,17,0,0,6,12,0,0,6,12,0,0,4,17,0,0,0,65145,63177.968,3476.815,39,35,3,29,1,60285,4284,58473,576,2,34,1,16,0,2,0,0
3,17,0,0,3,12,0,0,3,12,0,0,3,17,0,0,0,61685,63174.318,3473.344,35,33,1,29,1,59681,1428,58473,576,2,32,1,15,0,2,0,0
4,12,0,0,6,13,0,0,6,13,0,0,4,12,0,0,0,64937,63178.617,3470.195,35,31,3,25,1,60077,4284,58265,576,2,30,1,13,0,2,0,0
3,17,0,0,3,12,0,0,3,12,0,0,3,17,0,0,0,61685,63174.983,3466.752,35,33,1,29,1,59681,1428,58473,576,2,32,1,15,0,2,0,0
4,17,0,0,6,12,0,0,6,12,0,0,4,17,0,0,0,65145,63179.765,3463.899,39,35,3,29,1,60285,4284,58473,576,2,34,1,16,0,2,0,0
4,17,0,0,4,12,0,0,4,12,0,0,4,17,0,0,0,62289,63177.608,3459.98,37,35,1,29,1,60285,1428,58473,576,2,34,1,16,0,2,0,0
3,17,0,0,5,12,0,0,5,12,0,0,3,17,0,0,0,64541,63180.901,3456.447,37,33,3,29,1,59681,4284,58473,576,2,32,1,17,0,2,0,0
4,17,0,0,4,12,0,0,4,12,0,0,4,17,0,0,0,62289,63178.752,3452.557,37,35,1,29,1,60285,1428,58473,576,2,34,1,18,0,2,0,0
4,17,0,0,4,12,0,0,4,12,0,0,4,17,0,0,0,62289,63176.613,3448.68,37,35,1,29,1,60285,1428,58473,576,2,34,1,18,0,2,0,0
3,17,0,0,5,12,0,0,5,12,0,0,3,17,0,0,0,64541,63179.885,3445.189,37,33,3,29,1,59681,4284,58473,576,2,32,1,15,0,2,0,0
4,17,0,0,4,12,0,0,4,12,0,0,4,17,0,0,0,62289,63177.754,3441.34,37,35,1,29,1,60285,1428,58473,576,2,34,1,16,0,2,0,0
3,17,0,0,5,12,0,0,5,12,0,0,3,17,0,0,0,64541,63181.007,3437.875,37,33,3,29,1,59681,4284,58473,576,2,32,1,15,0,2,0,0
4,17,0,0,4,12,0,0,4,12,0,0,4,17,0,0,0,62289,63178.883,3434.055,37,35,1,29,1,60285,1428,58473,576,2,34,1,16,0,2,0,0
4,17,0,0,6,12,0,0,6,12,0,0,4,17,0,0,0,65145,63183.553,3431.309,39,35,3,29,1,60285,4284,58473,576,2,34,1,16,0,2,0,0
3,17,0,0,3,12,0,0,3,12,0,0,3,17,0,0,0,61685,63180.002,3428.016,35,33,1,29,1,59681,1428,58473,576,2,32,1,15,0,2,0,0
4,17,0,0,4,12,0,0,4,12,0,0,4,17,0,0,0,62289,63177.896,3424.235,37,35,1,29,1,60285,1428,58473,576,2,34,1,16,0,2,0,0
4,17,0,0,6,12,0,0,6,12,0,0,4,17,0,0,0,65145,63182.535,3421.525,39,35,3,29,1,60285,4284,58473,576,2,34,1,16,0,2,0,0
3,17,0,0,3,12,0,0,3,12,0,0,3,17,0,0,0,61685,63179.012,3418.267,35,33,1,29,1,59681,1428,58473,576,2,32,1,15,0,2,0,0
4,17,0,0,6,12,0,0,6,12,0,0,4,17,0,0,0,65145,63183.627,3415.578,39,35,3,29,1,60285,4284,58473,576,2,34,1,16,0,2,0,0
3,17,0,0,3,12,0,0,3,12,0,0,3,17,0,0,0,61685,63180.117,3412.345,35,33,1,29,1,59681,1428,58473,576,2,32,1,15,0,2,0,0
4,17,0,0,6,12,0,0,6,12,0,0,4,17,0,0,0,65145,63184.708,3409.677,39,35,3,29,1,60285,4284,58473,576,2,34,1,16,0,2,0,0
4,17,0,0,4,12,0,0,4,12,0,0,4,17,0,0,0,62289,63182.62,3405.974,37,35,1,29,1,60285,1428,58473,576,2,34,1,16,0,2,0,0
3,17,0,0,3,12,0,0,3,12,0,0,3,17,0,0,0,61685,63179.137,3402.776,35,33,1,29,1,59681,1428,58473,576,2,32,1,15,0,2,0,0
4,17,0,0,6,12,0,0,6,12,0,0,4,17,0,0,0,65145,63183.698,3400.142,39,35,3,29,1,60285,4284,58473,576,2,34,1,16,0,2,0,0
4,17,0,0,4,12,0,0,4,12,0,0,4,17,0,0,0,62289,63181.627,3396.477,37,35,1,29,1,60285,1428,58473,576,2,34,1,18,0,2,0,0
3,17,0,0,5,12,0,0,5,12,0,0,3,17,0,0,0,64541,63184.767,3393.18,37,33,3,29,1,59681,4284,58473,576,2,32,1,15,0,2,0,0
4,17,0,0,4,12,0,0,4,12,0,0,4,17,0,0,0,62289,63182.703,3389.54,37,35,1,29,1,60285,1428,58473,576,2,34,1,16,0,2,0,0
3,17,0,0,5,12,0,0,5,12,0,0,3,17,0,0,0,64541,63185.825,3386.267,37,33,3,29,1,59681,4284,58473,576,2,32,1,17,0,2,0,0
4,17,0,0,4,12,0,0,4,12,0,0,4,17,0,0,0,62289,63183.768,3382.654,37,35,1,29,1,60285,1428,58473,576,2,34,1,16,0,2,0,0
4,17,0,0,6,12,0,0,6,12,0,0,4,17,0,0,0,65145,63188.256,3380.08,39,35,3,29,1,60285,4284,58473,576,2,34,1,16,0,2,0,0
3,17,0,0,3,12,0,0,3,12,0,0,3,17,0,0,0,61685,63184.824,3376.982,35,33,1,29,1,59681,1428,58473,576,2,32,1,15,0,2,0,0
4,17,0,0,4,12,0,0,4,12,0,0,4,17,0,0,0,62289,63182.784,3373.404,37,35,1,29,1,60285,1428,58473,576,2,34,1,16,0,2,0,0
4,17,0,0,6,12,0,0,6,12,0,0,4,17,0,0,0,65145,63187.243,3370.863,39,35,3,29,1,60285,4284,58473,576,2,34,1,18,0,2,0,0
3,17,0,0,3,12,0,0,3,12,0,0,3,17,0,0,0,61685,63183.837,3367.798,35,33,1,29,1,59681,1428,58473,576,2,32,1,15,0,2,0,0
4,17,0,0,6,12,0,0,6,12,0,0,4,17,0,0,0,65145,63188.274,3365.276,39,35,3,29,1,60285,4284,58473,576,2,34,1,16,0,2,0,0
3,18,0,0,3,14,0,0,3,14,0,0,3,18,0,0,0,61841,63185.233,3362.083,38,36,1,32,1,59837,1428,58629,576,2,35,1,18,0,2,0,0
4,17,0,0,6,12,0,0,6,12,0,0,4,17,0,0,0,65145,63189.646,3359.58,39,35,3,29,1,60285,4284,58473,576,2,34,1,16,0,2,0,0
4,17,0,0,4,12,0,0,4,12,0,0,4,17,0,0,0,62289,63187.622,3356.074,37,35,1,29,1,60285,1428,58473,576,2,34,1,16,0,2,0,0
3,17,0,0,3,12,0,0,3,12,0,0,3,17,0,0,0,61685,63184.253,3353.063,35,33,1,29,1,59681,1428,58473,576,2,32,1,17,0,2,0,0
4,17,0,0,6,12,0,0,6,12,0,0,4,17,0,0,0,65145,63188.64,3350.591,39,35,3,29,1,60285,4284,58473,576,2,34,1,18,0,2,0,0
4,17,0,0,4,12,0,0,4,12,0,0,4,17,0,0,0,62289,63186.632,3347.119,37,35,1,29,1,60285,1428,58473,576,2,34,1,16,0,2,0,0
3,17,0,0,5,12,0,0,5,12,0,0,3,17,0,0,0,64541,63189.648,3343.999,37,33,3,29,1,59681,4284,58473,576,2,32,1,15,0,2,0,0
4,17,0,0,4,12,0,0,4,12,0,0,4,17,0,0,0,62289,63187.647,3340.55,37,35,1,29,1,60285,1428,58473,576,2,34,1,16,0,2,0,0
3,17,0,0,5,12,0,0,5,12,0,0,3,17,0,0,0,64541,63190.647,3337.452,37,33,3,29,1,59681,4284,58473,576,2,32,1,15,0,2,0,0
4,17,0,0,4,12,0,0,4,12,0,0,4,17,0,0,0,62289,63188.653,3334.027,37,35,1,29,1,60285,1428,58473,576,2,34,1,18,0,2,0,0
4,17,0,0,6,12,0,0,6,12,0,0,4,17,0,0,0,65145,63192.971,3331.611,39,35,3,29,1,60285,4284,58473,576,2,34,1,16,0,2,0,0
3,17,0,0,3,12,0,0,3,12,0,0,3,17,0,0,0,61685,63189.65,3328.69,35,33,1,29,1,59681,1428,58473,576,2,32,1,15,0,2,0,0
4,17,0,0,4,12,0,0,4,12,0,0,4,17,0,0,0,62289,63187.67,3325.298,37,35,1,29,1,60285,1428,58473,576,2,34,1,18,0,2,0,0
4,17,0,0,6,12,0,0,6,12,0,0,4,17,0,0,0,65145,63191.963,3322.911,39,35,3,29,1,60285,4284,58473,576,2,34,1,16,0,2,0,0
3,17,0,0,3,12,0,0,3,12,0,0,3,17,0,0,0,61685,63188.665,3320.02,35,33,1,29,1,59681,1428,58473,576,2,32,1,17,0,2,0,0
4,17,0,0,6,12,0,0,6,12,0,0,4,17,0,0,0,65145,63192.937,3317.651,39,35,3,29,1,60285,4284,58473,576,2,34,1,16,0,2,0,0
3,17,0,0,3,12,0,0,3,12,0,0,3,17,0,0,0,61685,63189.651,3314.781,35,33,1,29,1,59681,1428,58473,576,2,32,1,15,0,2,0,0
4,17,0,0,6,12,0,0,6,12,0,0,4,17,0,0,0,65145,63193.902,3312.428,39,35,3,29,1,60285,4284,58473,576,2,34,1,16,0,2,0,0
4,17,0,0,4,12,0,0,4,12,0,0,4,17,0,0,0,62289,63191.939,3309.101,37,35,1,29,1,60285,1428,58473,576,2,34,1,18,0,2,0,0
3,17,0,0,3,12,0,0,3,12,0,0,3,17,0,0,0,61685,63188.677,3306.26,35,33,1,29,1,59681,1428,58473,576,2,32,1,15,0,2,0,0
4,17,0,0,6,12,0,0,6,12,0,0,4,17,0,0,0,65145,63192.903,3303.936,39,35,3,29,1,60285,4284,58473,576,2,34,1,16,0,2,0,0
4,17,0,0,4,12,0,0,4,12,0,0,4,17,0,0,0,62289,63190.955,3300.64,37,35,1,29,1,60285,1428,58473,576,2,34,1,16,0,2,0,0
3,17,0,0,5,12,0,0,5,12,0,0,3,17,0,0,0,64541,63193.858,3297.682,37,33,3,29,1,59681,4284,58473,576,2,32,1,15,0,2,0,0
4,17,0,0,4,12,0,0,4,12,0,0,4,17,0,0,0,62289,63191.916,3294.408,37,35,1,29,1,60285,1428,58473,576,2,34,1,16,0,2,0,0
3,17,0,0,5,12,0,0,5,12,0,0,3,17,0,0,0,64541,63194.805,3291.469,37,33,3,29,1,59681,4284,58473,576,2,32,1,17,0,2,0,0
4,17,0,0,4,12,0,0,4,12,0,0,4,17,0,0,0,62289,63192.87,3288.217,37,35,1,29,1,60285,1428,58473,576,2,34,1,18,0,2,0,0
4,17,0,0,6,12,0,0,6,12,0,0,4,17,0,0,0,65145,63197.032,3285.944,39,35,3,29,1,60285,4284,58473,576,2,34,1,16,0,2,0,0
3,17,0,0,3,12,0,0,3,12,0,0,3,17,0,0,0,61685,63193.815,3283.185,35,33,1,29,1,59681,1428,58473,576,2,32,1,15,0,2,0,0
4,17,0,0,4,12,0,0,4,12,0,0,4,17,0,0,0,62289,63191.894,3279.963,37,35,1,29,1,60285,1428,58473,576,2,34,1,16,0,2,0,0
3,17,0,0,5,12,0,0,5,12,0,0,3,17,0,0,0,64541,63194.752,3277.073,37,33,3,29,1,59681,4284,58473,576,2,32,1,15,0,2,0,0
4,17,0,0,4,12,0,0,4,12,0,0,4,17,0,0,0,62289,63192.837,3273.872,37,35,1,29,1,60285,1428,58473,576,2,34,1,16,0,2,0,0
4,17,0,0,6,12,0,0,6,12,0,0,4,17,0,0,0,65145,63196.956,3271.643,39,35,3,29,1,60285,4284,58473,576,2,34,1,16,0,2,0,0
3,17,0,0,3,12,0,0,3,12,0,0,3,17,0,0,0,61685,63193.773,3268.932,35,33,1,29,1,59681,1428,58473,576,2,32,1,17,0,2,0,0
4,17,0,0,6,12,0,0,6,12,0,0,4,17,0,0,0,65145,63197.872,3266.718,39,35,3,29,1,60285,4284,58473,576,2,34,1,16,0,2,0,0
4,17,0,0,4,12,0,0,4,12,0,0,4,17,0,0,0,62289,63195.966,3263.557,37,35,1,29,1,60285,1428,58473,576,2,34,1,16,0,2,0,0
3,17,0,0,3,12,0,0,3,12,0,0,3,17,0,0,0,61685,63192.805,3260.872,35,33,1,29,1,59681,1428,58473,576,2,32,1,17,0,2,0,0
4,17,0,0,6,12,0,0,6,12,0,0,4,17,0,0,0,65145,63196.881,3258.685,39,35,3,29,1,60285,4284,58473,576,2,34,1,16,0,2,0,0
3,17,0,0,3,12,0,0,3,12,0,0,3,17,0,0,0,61685,63193.731,3256.019,35,33,1,29,1,59681,1428,58473,576,2,32,1,15,0,2,0,0
4,17,0,0,6,12,0,0,6,12,0,0,4,17,0,0,0,65145,63197.788,3253.846,39,35,3,29,1,60285,4284,58473,576,2,34,1,16,0,2,0,0
4,17,0,0,4,12,0,0,4,12,0,0,4,17,0,0,0,62289,63195.902,3250.732,37,35,1,29,1,60285,1428,58473,576,2,34,1,16,0,2,0,0
3,17,0,0,5,12,0,0,5,12,0,0,3,17,0,0,0,64541,63198.687,3247.941,37,33,3,29,1,59681,4284,58473,576,2,32,1,17,0,2,0,0
4,17,0,0,4,12,0,0,4,12,0,0,4,17,0,0,0,62289,63196.808,3244.847,37,35,1,29,1,60285,1428,58473,576,2,34,1,16,0,2,0,0
4,17,0,0,6,12,0,0,6,12,0,0,4,17,0,0,0,65145,63200.825,3242.704,39,35,3,29,1,60285,4284,58473,576,2,34,1,18,0,2,0,0
3,17,0,0,3,12,0,0,3,12,0,0,3,17,0,0,0,61685,63197.706,3240.095,35,33,1,29,1,59681,1428,58473,576,2,32,1,17,0,2,0,0
4,17,0,0,4,12,0,0,4,12,0,0,4,17,0,0,0,62289,63195.84,3237.028,37,35,1,29,1,60285,1428,58473,576,2,34,1,16,0,2,0,0
3,17,0,0,5,12,0,0,5,12,0,0,3,17,0,0,0,64541,63198.596,3234.281,37,33,3,29,1,59681,4284,58473,576,2,32,1,15,0,2,0,0
4,17,0,0,4,12,0,0,4,12,0,0,4,17,0,0,0,62289,63196.736,3231.234,37,35,1,29,1,60285,1428,58473,576,2,34,1,16,0,2,0,0
4,17,0,0,6,12,0,0,6,12,0,0,4,17,0,0,0,65145,63200.712,3229.132,39,35,3,29,1,60285,4284,58473,576,2,34,1,16,0,2,0,0
3,17,0,0,3,12,0,0,3,12,0,0,3,17,0,0,0,61685,63197.625,3226.566,35,33,1,29,1,59681,1428,58473,576,2,32,1,17,0,2,0,0
4,17,0,0,6,12,0,0,6,12,0,0,4,17,0,0,0,65145,63201.583,3224.478,39,35,3,29,1,60285,4284,58473,576,2,34,1,16,0,2,0,0
4,17,0,0,4,12,0,0,4,12,0,0,4,17,0,0,0,62289,63199.732,3221.468,37,35,1,29,1,60285,1428,58473,576,2,34,1,16,0,2,0,0
3,17,0,0,3,12,0,0,3,12,0,0,3,17,0,0,0,61685,63196.666,3218.926,35,33,1,29,1,59681,1428,58473,576,2,32,1,15,0,2,0,0
4,17,0,0,6,12,0,0,6,12,0,0,4,17,0,0,0,65145,63200.602,3216.863,39,35,3,29,1,60285,4284,58473,576,2,34,1,16,0,2,0,0
3,17,0,0,3,12,0,0,3,12,0,0,3,17,0,0,0,61685,63197.546,3214.337,35,33,1,29,1,59681,1428,58473,576,2,32,1,17,0,2,0,0
4,17,0,0,6,12,0,0,6,12,0,0,4,17,0,0,0,65145,63201.465,3212.287,39,35,3,29,1,60285,4284,58473,576,2,34,1,18,0,2,0,0
4,17,0,0,4,12,0,0,4,12,0,0,4,17,0,0,0,62289,63199.633,3209.321,37,35,1,29,1,60285,1428,58473,576,2,34,1,16,0,2,0,0
3,17,0,0,5,12,0,0,5,12,0,0,3,17,0,0,0,64541,63202.321,3206.664,37,33,3,29,1,59681,4284,58473,576,2,32,1,15,0,2,0,0
4,17,0,0,4,12,0,0,4,12,0,0,4,17,0,0,0,62289,63200.494,3203.716,37,35,1,29,1,60285,1428,58473,576,2,34,1,16,0,2,0,0
4,17,0,0,6,12,0,0,6,12,0,0,4,17,0,0,0,65145,63204.375,3201.693,39,35,3,29,1,60285,4284,58473,576,2,34,1,16,0,2,0,0
3,17,0,0,3,12,0,0,3,12,0,0,3,17,0,0,0,61685,63201.349,3199.22,35,33,1,29,1,59681,1428,58473,576,2,32,1,17,0,2,0,0
4,17,0,0,4,12,0,0,4,12,0,0,4,17,0,0,0,62289,63199.535,3196.297,37,35,1,29,1,60285,1428,58473,576,2,34,1,16,0,2,0,0
3,17,0,0,5,12,0,0,5,12,0,0,3,17,0,0,0,64541,63202.196,3193.682,37,33,3,29,1,59681,4284,58473,576,2,32,1,17,0,2,0,0
4,17,0,0,4,12,0,0,4,12,0,0,4,17,0,0,0,62289,63200.388,3190.777,37,35,1,29,1,60285,1428,58473,576,2,34,1,18,0,2,0,0
4,17,0,0,6,12,0,0,6,12,0,0,4,17,0,0,0,65145,63204.231,3188.792,39,35,3,29,1,60285,4284,58473,576,2,34,1,16,0,2,0,0
3,17,0,0,3,12,0,0,3,12,0,0,3,17,0,0,0,61685,63201.235,3186.359,35,33,1,29,1,59681,1428,58473,576,2,32,1,17,0,2,0,0
4,17,0,0,6,12,0,0,6,12,0,0,4,17,0,0,0,65145,63205.061,3184.387,39,35,3,29,1,60285,4284,58473,576,2,34,1,18,0,2,0,0
4,17,0,0,4,12,0,0,4,12,0,0,4,17,0,0,0,62289,63203.261,3181.516,37,35,1,29,1,60285,1428,58473,576,2,34,1,16,0,2,0,0
3,17,0,0,3,12,0,0,3,12,0,0,3,17,0,0,0,61685,63200.284,3179.105,35,33,1,29,1,59681,1428,58473,576,2,32,1,17,0,2,0,0
4,17,0,0,6,12,0,0,6,12,0,0,4,17,0,0,0,65145,63204.09,3177.155,39,35,3,29,1,60285,4284,58473,576,2,34,1,16,0,2,0,0
3,17,0,0,3,12,0,0,3,12,0,0,3,17,0,0,0,61685,63201.123,3174.76,35,33,1,29,1,59681,1428,58473,576,2,32,1,15,0,2,0,0
4,17,0,0,6,12,0,0,6,12,0,0,4,17,0,0,0,65145,63204.912,3172.822,39,35,3,29,1,60285,4284,58473,576,2,34,1,16,0,2,0,0
4,17,0,0,4,12,0,0,4,12,0,0,4,17,0,0,0,62289,63203.13,3169.991,37,35,1,29,1,60285,1428,58473,576,2,34,1,18,0,2,0,0
3,17,0,0,5,12,0,0,5,12,0,0,3,17,0,0,0,64541,63205.728,3167.46,37,33,3,29,1,59681,4284,58473,576,2,32,1,15,0,2,0,0
4,17,0,0,4,12,0,0,4,12,0,0,4,17,0,0,0,62289,63203.952,3164.646,37,35,1,29,1,60285,1428,58473,576,2,34,1,16,0,2,0,0
4,17,0,0,6,12,0,0,6,12,0,0,4,17,0,0,0,65145,63207.706,3162.734,39,35,3,29,1,60285,4284,58473,576,2,34,1,18,0,2,0,0
3,17,0,0,3,12,0,0,3,12,0,0,3,17,0,0,0,61685,63204.766,3160.387,35,33,1,29,1,59681,1428,58473,576,2,32,1,15,0,2,0,0
4,17,0,0,4,12,0,0,4,12,0,0,4,17,0,0,0,62289,63203.002,3157.596,37,35,1,29,1,60285,1428,58473,576,2,34,1,16,0,2,0,0
3,17,0,0,5,12,0,0,5,12,0,0,3,17,0,0,0,64541,63205.575,3155.103,37,33,3,29,1,59681,4284,58473,576,2,32,1,15,0,2,0,0
4,17,0,0,4,12,0,0,4,12,0,0,4,17,0,0,0,62289,63203.816,3152.329,37,35,1,29,1,60285,1428,58473,576,2,34,1,18,0,2,0,0
4,17,0,0,6,12,0,0,6,12,0,0,4,17,0,0,0,65145,63207.534,3150.451,39,35,3,29,1,60285,4284,58473,576,2,34,1,16,0,2,0,0
3,17,0,0,3,12,0,0,3,12,0,0,3,17,0,0,0,61685,63204.623,3148.141,35,33,1,29,1,59681,1428,58473,576,2,32,1,15,0,2,0,0
4,17,0,0,6,12,0,0,6,12,0,0,4,17,0,0,0,65145,63208.326,3146.275,39,35,3,29,1,60285,4284,58473,576,2,34,1,16,0,2,0,0
4,17,0,0,4,12,0,0,4,12,0,0,4,17,0,0,0,62289,63206.575,3143.533,37,35,1,29,1,60285,1428,58473,576,2,34,1,16,0,2,0,0
3,17,0,0,3,12,0,0,3,12,0,0,3,17,0,0,0,61685,63203.683,3141.243,35,33,1,29,1,59681,1428,58473,576,2,32,1,15,0,2,0,0
4,17,0,0,6,12,0,0,6,12,0,0,4,17,0,0,0,65145,63207.366,3139.398,39,35,3,29,1,60285,4284,58473,576,2,34,1,16,0,2,0,0
3,17,0,0,3,12,0,0,3,12,0,0,3,17,0,0,0,61685,63204.483,3137.122,35,33,1,29,1,59681,1428,58473,576,2,32,1,15,0,2,0,0
4,17,0,0,6,12,0,0,6,12,0,0,4,17,0,0,0,65145,63208.151,3135.289,39,35,3,29,1,60285,4284,58473,576,2,34,1,16,0,2,0,0
4,17,0,0,4,12,0,0,4,12,0,0,4,17,0,0,0,62289,63206.417,3132.584,37,35,1,29,1,60285,1428,58473,576,2,34,1,16,0,2,0,0
3,17,0,0,5,12,0,0,5,12,0,0,3,17,0,0,0,64541,63208.93,3130.167,37,33,3,29,1,59681,4284,58473,576,2,32,1,15,0,2,0,0
4,12,0,0,4,13,0,0,4,13,0,0,4,12,0,0,0,62081,63206.81,3127.606,33,31,1,25,1,60077,1428,58265,576,2,30,1,13,0,2,0,0
4,17,0,0,6,12,0,0,6,12,0,0,4,17,0,0,0,65145,63210.447,3125.796,39,35,3,29,1,60285,4284,58473,576,2,34,1,16,0,2,0,0
3,17,0,0,3,12,0,0,3,12,0,0,3,17,0,0,0,61685,63207.59,3123.564,35,33,1,29,1,59681,1428,58473,576,2,32,1,15,0,2,0,0
4,17,0,0,4,12,0,0,4,12,0,0,4,17,0,0,0,62289,63205.873,3120.896,37,35,1,29,1,60285,1428,58473,576,2,34,1,16,0,2,0,0
3,17,0,0,5,12,0,0,5,12,0,0,3,17,0,0,0,64541,63208.364,3118.515,37,33,3,29,1,59681,4284,58473,576,2,32,1,15,0,2,0,0
4,17,0,0,4,12,0,0,4,12,0,0,4,17,0,0,0,62289,63206.652,3115.862,37,35,1,29,1,60285,1428,58473,576,2,34,1,16,0,2,0,0
4,17,0,0,6,12,0,0,6,12,0,0,4,17,0,0,0,65145,63210.255,3114.085,39,35,3,29,1,60285,4284,58473,576,2,34,1,16,0,2,0,0
3,17,0,0,3,12,0,0,3,12,0,0,3,17,0,0,0,61685,63207.425,3111.887,35,33,1,29,1,59681,1428,58473,576,2,32,1,15,0,2,0,0
4,17,0,0,6,12,0,0,6,12,0,0,4,17,0,0,0,65145,63211.013,3110.12,39,35,3,29,1,60285,4284,58473,576,2,34,1,18,0,2,0,0
4,17,0,0,4,12,0,0,4,12,0,0,4,17,0,0,0,62289,63209.309,3107.496,37,35,1,29,1,60285,1428,58473,576,2,34,1,16,0,2,0,0
3,17,0,0,3,12,0,0,3,12,0,0,3,17,0,0,0,61685,63206.496,3105.318,35,33,1,29,1,59681,1428,58473,576,2,32,1,15,0,2,0,0
4,17,0,0,6,12,0,0,6,12,0,0,4,17,0,0,0,65145,63210.066,3103.57,39,35,3,29,1,60285,4284,58473,576,2,34,1,16,0,2,0,0
3,17,0,0,3,12,0,0,3,12,0,0,3,17,0,0,0,61685,63207.263,3101.404,35,33,1,29,1,59681,1428,58473,576,2,32,1,15,0,2,0,0
4,17,0,0,6,12,0,0,6,12,0,0,4,17,0,0,0,65145,63210.818,3099.667,39,35,3,29,1,60285,4284,58473,576,2,34,1,16,0,2,0,0
4,17,0,0,4,12,0,0,4,12,0,0,4,17,0,0,0,62289,63209.13,3097.078,37,35,1,29,1,60285,1428,58473,576,2,34,1,16,0,2,0,0
3,17,0,0,5,12,0,0,5,12,0,0,3,17,0,0,0,64541,63211.565,3094.769,37,33,3,29,1,59681,4284,58473,576,2,32,1,15,0,2,0,0
4,17,0,0,4,12,0,0,4,12,0,0,4,17,0,0,0,62289,63209.881,3092.194,37,35,1,29,1,60285,1428,58473,576,2,34,1,18,0,2,0,0
4,17,0,0,6,12,0,0,6,12,0,0,4,17,0,0,0,65145,63213.406,3090.479,39,35,3,29,1,60285,4284,58473,576,2,34,1,16,0,2,0,0
3,17,0,0,3,12,0,0,3,12,0,0,3,17,0,0,0,61685,63210.627,3088.354,35,33,1,29,1,59681,1428,58473,576,2,32,1,15,0,2,0,0
4,17,0,0,4,12,0,0,4,12,0,0,4,17,0,0,0,62289,63208.955,3085.8,37,35,1,29,1,60285,1428,58473,576,2,34,1,16,0,2,0,0
3,17,0,0,5,12,0,0,5,12,0,0,3,17,0,0,0,64541,63211.368,3083.524,37,33,3,29,1,59681,4284,58473,576,2,32,1,15,0,2,0,0
4,17,0,0,4,12,0,0,4,12,0,0,4,17,0,0,0,62289,63209.7,3080.984,37,35,1,29,1,60285,1428,58473,576,2,34,1,16,0,2,0,0
4,17,0,0,6,12,0,0,6,12,0,0,4,17,0,0,0,65145,63213.193,3079.298,39,35,3,29,1,60285,4284,58473,576,2,34,1,16,0,2,0,0
3,17,0,0,3,12,0,0,3,12,0,0,3,17,0,0,0,61685,63210.44,3077.205,35,33,1,29,1,59681,1428,58473,576,2,32,1,15,0,2,0,0
4,17,0,0,6,12,0,0,6,12,0,0,4,17,0,0,0,65145,63213.919,3075.529,39,35,3,29,1,60285,4284,58473,576,2,34,1,16,0,2,0,0
3,17,0,0,3,12,0,0,3,12,0,0,3,17,0,0,0,61685,63211.174,3073.449,35,33,1,29,1,59681,1428,58473,576,2,32,1,15,0,2,0,0
4,17,0,0,4,12,0,0,4,12,0,0,4,17,0,0,0,62289,63209.522,3070.941,37,35,1,29,1,60285,1428,58473,576,2,34,1,16,0,2,0,0
4,17,0,0,6,12,0,0,6,12,0,0,4,17,0,0,0,65145,63212.984,3069.283,39,35,3,29,1,60285,4284,58473,576,2,34,1,16,0,2,0,0
3,17,0,0,3,12,0,0,3,12,0,0,3,17,0,0,0,61685,63210.255,3067.22,35,33,1,29,1,59681,1428,58473,576,2,32,1,15,0,2,0,0
4,17,0,0,6,12,0,0,6,12,0,0,4,17,0,0,0,65145,63213.704,3065.571,39,35,3,29,1,60285,4284,58473,576,2,34,1,16,0,2,0,0
4,17,0,0,4,12,0,0,4,12,0,0,4,17,0,0,0,62289,63212.059,3063.091,37,35,1,29,1,60285,1428,58473,576,2,34,1,16,0,2,0,0
3,17,0,0,5,12,0,0,5,12,0,0,3,17,0,0,0,64541,63214.419,3060.881,37,33,3,29,1,59681,4284,58473,576,2,32,1,15,0,2,0,0
4,17,0,0,4,12,0,0,4,12,0,0,4,17,0,0,0,62289,63212.778,3058.414,37,35,1,29,1,60285,1428,58473,576,2,34,1,16,0,2,0,0
3,17,0,0,5,12,0,0,5,12,0,0,3,17,0,0,0,64541,63215.129,3056.216,37,33,3,29,1,59681,4284,58473,576,2,32,1,15,0,2,0,0
4,17,0,0,4,12,0,0,4,12,0,0,4,17,0,0,0,62289,63213.493,3053.763,37,35,1,29,1,60285,1428,58473,576,2,34,1,16,0,2,0,0
4,17,0,0,4,12,0,0,4,12,0,0,4,17,0,0,0,62289,63211.862,3051.315,37,35,1,29,1,60285,1428,58473,576,2,34,1,16,0,2,0,0
3,17,0,0,5,12,0,0,5,12,0,0,3,17,0,0,0,64541,63214.202,3049.137,37,33,3,29,1,59681,4284,58473,576,2,32,1,15,0,2,0,0
4,17,0,0,4,12,0,0,4,12,0,0,4,17,0,0,0,62289,63212.576,3046.703,37,35,1,29,1,60285,1428,58473,576,2,34,1,16,0,2,0,0
4,17,0,0,6,12,0,0,6,12,0,0,4,17,0,0,0,65145,63215.967,3045.103,39,35,3,29,1,60285,4284,58473,576,2,34,1,16,0,2,0,0
3,17,0,0,3,12,0,0,3,12,0,0,3,17,0,0,0,61685,63213.285,3043.109,35,33,1,29,1,59681,1428,58473,576,2,32,1,17,0,2,0,0
4,17,0,0,6,12,0,0,6,12,0,0,4,17,0,0,0,65145,63216.663,3041.519,39,35,3,29,1,60285,4284,58473,576,2,34,1,16,0,2,0,0
